ticker,rows,trades,load_s,signal_s,sim_s,total_s
A,5032,3000,0.0012434999998731655,0.001281599999856553,0.16123719999995956,0.16376229999968928
AAPL,5032,3313,0.0011618999997153878,0.0011674000006678398,0.16177539999989676,0.16410470000028
ABBV,3019,1885,0.001306799999838404,0.0010719000001699897,0.08261959999981627,0.08499829999982467
ABT,5032,3098,0.0010957999993479461,0.0010453000004417845,0.16198590000021795,0.16412700000000768
ACGL,5032,3436,0.0010847000003195717,0.0011339000002408284,0.162957099999403,0.1651756999999634
ACN,5032,3328,0.0012618000000657048,0.0011193000000275788,0.16144859999985783,0.16382969999995112
ADBE,5032,3134,0.0012115999998059124,0.0011212999997951556,0.16310580000026675,0.16543869999986782
ADI,5032,2959,0.0011136999992231722,0.0011138000008941162,0.1632353000004514,0.16546280000056868
ADM,5032,2996,0.0013159999998606509,0.0011629000000539236,0.16142180000042572,0.1639007000003403
ADP,5032,3179,0.0011623999998846557,0.0011346999999659602,0.16487990000041464,0.16717700000026525
ADSK,5032,2926,0.0011434999996708939,0.0011213000007046503,0.1619989999999234,0.16426380000029894
AEE,5032,3066,0.001344999999673746,0.0011868999999933294,0.16336260000025504,0.16589449999992212
AEP,5032,3114,0.0012100000003556488,0.0011351000002832734,0.16153190000022732,0.16387700000086625
AES,5032,2693,0.0011513999997987412,0.0011070000000472646,0.16226869999991322,0.16452709999975923
AFL,5032,3230,0.001367200000458979,0.00118679999923188,0.16238159999920754,0.1649355999988984
AIG,5032,2801,0.0011150999998790212,0.0011067999994338606,0.16173859999980778,0.16396049999912066
AIZ,5032,3200,0.0013185999996494502,0.001155799999651208,0.16597519999959331,0.16844959999889397
AJG,5032,3272,0.001311800000621588,0.0011757000002035056,0.16289099999994505,0.16537850000077015
AKAM,5032,2942,0.0015071999996507657,0.0012136000004829839,0.16074010000011185,0.1634609000002456
ALB,5032,2922,0.0011245000005146721,0.0011024999994333484,0.1634911999999531,0.16571819999990112
ALGN,5032,3060,0.0012664999994740356,0.0011459999996077386,0.16249100000004546,0.16490349999912723
ALL,5032,3176,0.0012519000001702807,0.0011282000004939619,0.163033899999391,0.16541400000005524
ALLE,2797,1640,0.001178299999992305,0.0010416999994049547,0.07511429999976826,0.07733429999916552
AMAT,5032,2853,0.0011731000004147063,0.001105900000766269,0.1638756000002104,0.16615460000139137
AMCR,3177,1754,0.0011910000002899324,0.001054600000315986,0.08613789999981236,0.08838350000041828
AMD,5032,2587,0.0010269999993397505,0.001049800000146206,0.16375630000038655,0.1658330999998725
AME,5032,3358,0.001267599999664526,0.0011187000000063563,0.16364900000007765,0.16603529999974853
AMGN,5032,2770,0.0012532000000646804,0.0011559000004126574,0.16432559999975638,0.16673470000023372
AMP,4855,3144,0.0013729000002058456,0.0011007999992216355,0.1309781000009025,0.13345180000032997
AMT,5032,3125,0.0012308000004850328,0.0011488000000099419,0.16429990000051475,0.16667950000100973
AMZN,5032,3252,0.0010541999999986729,0.001080799999726878,0.16260409999995318,0.16473909999967873
ANET,2660,1751,0.0011092000004282454,0.0009924000005412381,0.07182209999973566,0.07392370000070514
AON,5032,3436,0.0010496999993847567,0.0010488999996596249,0.16277179999997315,0.16487039999901754
AOS,5032,3178,0.001389500000186672,0.0012331999996604281,0.16318690000025526,0.16580960000010236
APA,5032,2600,0.0011936999999306863,0.0011162000000695116,0.162074500000017,0.1643844000000172
APD,5032,3155,0.0011318999995637569,0.0011037000003852881,0.16157120000025316,0.1638068000002022
APH,5032,3401,0.0010910999999396154,0.001105700000152865,0.1629053999995449,0.16510219999963738
APO,3461,2157,0.0010886000000027707,0.0010226999993392383,0.09384080000018002,0.09595209999952203
APTV,3299,1989,0.001043000000208849,0.001085800000510062,0.08916500000032102,0.09129380000103993
ARE,5032,3088,0.0011687000005622394,0.0011070999998992193,0.16602060000059282,0.16829640000105428
ATO,5032,3371,0.001448700000764802,0.0012028000001009787,0.16283239999938814,0.16548390000025393
AVB,5032,3152,0.0012683999993896578,0.0011464999997770065,0.1623453000001973,0.16476019999936398
AVGO,3876,2667,0.0011856999999508844,0.0010686000005080132,0.10456299999987095,0.10681730000032985
AVY,5032,2998,0.0012545999998110346,0.0011404999995647813,0.1637771999994584,0.1661722999988342
AWK,4201,2782,0.0012246000005688984,0.0010921000002781511,0.11228380000011384,0.11460050000096089
AXON,5032,2730,0.0012109999997846899,0.0011159000005136477,0.16331300000001647,0.1656399000003148
AXP,5032,3033,0.0016322000001309789,0.0012367999997877632,0.16310220000013942,0.16597120000005816
AZO,5032,3226,0.0012028000001009787,0.0011443999992479803,0.16361720000077185,0.1659644000001208
BA,5032,2842,0.0015948999998727231,0.0012632999996640137,0.16355099999964295,0.1664091999991797
BAC,5032,2842,0.0015805000002728775,0.0012170999998488696,0.1635588999997708,0.16635649999989255
BALL,5032,3091,0.0011646000002656365,0.001113700000132667,0.16152729999976145,0.16380560000015976
BAX,5032,2878,0.001291999999921245,0.001170300000012503,0.1628707999998369,0.16533309999977064
BBWI,5032,2876,0.0014160000000629225,0.001190899999528483,0.1626667999998972,0.1652736999994886
BBY,5032,2623,0.001389299999573268,0.0011819999999715947,0.1617036999996344,0.16427499999917927
BDX,5032,3014,0.0011948999999731313,0.0011283000003459165,0.16251800000009098,0.16484120000041003
BEN,5032,2736,0.0012038000004395144,0.0010940000001937733,0.16454290000001492,0.1668407000006482
BG,5032,2738,0.0012950000000273576,0.0012121999998271349,0.1629929999999149,0.1655001999997694
BIIB,5032,2699,0.0014012000001457636,0.0012873999994553742,0.16271140000026207,0.1653999999998632
BIO,5032,3007,0.0011837999991257675,0.0011065999997299514,0.1639180000001943,0.16620839999905002
BK,5032,2941,0.0014704000004712725,0.0011626000004980597,0.16435319999982312,0.16698620000079245
BKNG,5032,3363,0.0012246999995113583,0.001162500000646105,0.1614798000000519,0.16386700000020937
BKR,5032,2640,0.0011837000001833076,0.0011019000003216206,0.16223470000022644,0.16452030000073137
BLDR,4910,2836,0.0012894000001324457,0.0011452999997345614,0.1326574000004257,0.1350921000002927
BLK,5032,3144,0.0010848000001715263,0.001103099999454571,0.16279819999999745,0.16498609999962355
BMY,5032,3005,0.001451900000574824,0.0012106000003768713,0.16438409999955184,0.16704660000050353
BR,4475,2947,0.0012575000000651926,0.0011108999997304636,0.12055259999942791,0.12292099999922357
BRK,3629,1678,0.0011082999999416643,0.0010640000000421423,0.09774079999988317,0.09991309999986697
BRO,5032,3231,0.001478799999858893,0.0012302000004638103,0.16364969999995083,0.16635870000027353
BSX,5032,2839,0.0012503000007200171,0.0011850000000777072,0.1599489000000176,0.16238420000081533
BWA,5032,2828,0.0013165999998818734,0.0011656000006041722,0.16533369999979186,0.1678159000002779
BX,4411,2666,0.001153100000010454,0.001079300000128569,0.12055850000069768,0.1227909000008367
BXP,5032,2779,0.0012930000002597808,0.001209500000186381,0.1610645000000659,0.16356700000051205
C,5032,2809,0.0013331000000107451,0.0011618999997153878,0.16146149999985937,0.1639564999995855
CAG,5032,2855,0.0011954000001423992,0.0011426000000938075,0.16265990000010788,0.1649979000003441
CAH,5032,2940,0.001133000000663742,0.0011303000001134933,0.16265830000065762,0.16492160000143485
CAT,5032,3066,0.0015797999994902057,0.001236099999914586,0.16154280000046128,0.16435869999986608
CB,5032,3248,0.0010345000000597793,0.0010794999998324784,0.16230429999995977,0.16441829999985202
CBOE,3661,2369,0.0012565999995786115,0.0012768000005962676,0.09894230000008974,0.10147570000026462
CBRE,5032,3109,0.0014399000001503737,0.0012317999999140739,0.16233700000066165,0.1650087000007261
CCI,5032,3024,0.0013306000000739004,0.001191399999697751,0.16123049999987416,0.1637524999996458
CCL,5032,2615,0.0011659000001600361,0.0011062000003221328,0.16234850000000733,0.1646206000004895
CDNS,5032,3331,0.0015693999994255137,0.0012629999991986551,0.16140380000069854,0.1642361999993227
CDW,2897,1899,0.001122399999985646,0.0011279000000286032,0.07776190000004135,0.0800122000000556
CE,5019,3055,0.0010639000001901877,0.001052299999173556,0.13449359999958688,0.13660979999895062
CF,4879,3002,0.0011295000003883615,0.0010098000002471963,0.1305910999999469,0.13273040000058245
CFG,2584,1525,0.0010866000002351939,0.0010124999998879503,0.06992859999991197,0.07202770000003511
CHD,5032,3150,0.001462300000639516,0.0012033000002702465,0.16177419999985432,0.16443980000076408
CHRW,5032,2796,0.0011133999996673083,0.0011036999994757934,0.16233360000023822,0.16455069999938132
CHTR,3772,2290,0.0014363000000230386,0.0010724999992817175,0.10178749999977299,0.10429629999907775
CI,5032,3195,0.0010672999997041188,0.0010687000003599678,0.16481079999994108,0.16694680000000517
CINF,5032,3096,0.001193799999782641,0.001120999999329797,0.16271140000026207,0.1650261999993745
CL,5032,3136,0.0013068999996903585,0.0011922999992748373,0.1631004999999277,0.1655996999988929
CLX,5032,2939,0.001203900000291469,0.0011266999999861582,0.16147110000019893,0.16380170000047656
CMA,5032,2818,0.001176599999780592,0.0011267999998381129,0.16267450000032113,0.16497789999993984
CMCSA,5032,3034,0.0012759000001096865,0.0011500999999043415,0.162449800000104,0.16487580000011803
CME,5032,3050,0.001313300000219897,0.0011130000002594898,0.16379840000081458,0.16622470000129397
CMG,4764,2981,0.001159699999334407,0.0011171000005560927,0.1293658000004143,0.1316426000003048
CMI,5032,3043,0.0011082000000897096,0.001106400000026042,0.1620017999994161,0.16421639999953186
CMS,5032,3232,0.0010880999998335028,0.0011046999998143292,0.16174259999934293,0.16393539999899076
CNC,5032,2852,0.001430399999662768,0.0011919999997189734,0.16389669999989565,0.1665190999992774
CNP,5032,3086,0.0011856999999508844,0.0012049000006300048,0.16176999999970576,0.16416060000028665
COF,5032,2953,0.0011479000004328554,0.0011201999996046652,0.16582970000035857,0.1680978000003961
COO,5032,2920,0.001461599999856844,0.0011993999996775528,0.16200930000013614,0.16467029999967053
COP,5032,2856,0.0011415000008128118,0.0011335999997754698,0.16278979999970034,0.16506490000028862
COR,5032,3154,0.0011747999997169245,0.0011293999996269122,0.1616081000001941,0.16391229999953794
COST,5032,3379,0.0013275999999677879,0.0011671000002024812,0.1627834000000803,0.16527810000025056
CPAY,3533,2304,0.0012237000000823173,0.0012265000004845206,0.09564269999918906,0.0980928999997559
CPB,5032,2845,0.0010891000001720386,0.0011383999999452499,0.16349579999950947,0.16572329999962676
CPRT,5032,3231,0.001396799999383802,0.0011942000000999542,0.1613233999996737,0.16391439999915747
CPT,5032,3241,0.0012868000003436464,0.0011604999999690335,0.1622164000000339,0.16466370000034658
CRL,5032,3084,0.0011752999998861924,0.0011075000002165325,0.16206049999982497,0.1643432999999277
CRM,5032,3171,0.0012966000003871159,0.00114800000028481,0.16417229999933625,0.16661690000000817
CSCO,5032,2910,0.0010311000005458482,0.001096500000130618,0.16415520000009565,0.1662828000007721
CSGP,5032,3185,0.001235199999428005,0.001157499999862921,0.16228680000040185,0.16467949999969278
CSX,5032,3229,0.001422899999852234,0.0012004000000160886,0.1614743999998609,0.16409769999972923
CTAS,5032,3452,0.0012255999999979394,0.0011227999993934645,0.16133520000039425,0.16368359999978566
CTRA,5032,2861,0.0011600000007092603,0.0012882999999419553,0.161634299999605,0.1640826000002562
CTSH,5032,3069,0.0011791999995693914,0.0011230000000068685,0.16384970000035537,0.16615189999993163
CVS,5032,2932,0.0012606999998752144,0.0011362999994162237,0.1615447000003769,0.16394169999966834
CVX,5032,2902,0.0011746000000130152,0.0011063000001740875,0.16181440000036673,0.16409530000055383
CZR,2586,1569,0.00107060000027559,0.0009978999996747007,0.07022030000007362,0.07228880000002391
D,5032,3149,0.0010121000004801317,0.0010403000005680951,0.16141130000050907,0.1634637000015573
DAL,4446,2485,0.0011279999998805579,0.0010806000000229687,0.11970300000029965,0.12191160000020318
DD,5032,2837,0.001180400000521331,0.0011317999997118022,0.16355099999964295,0.1658631999998761
DE,5032,2997,0.001066799999534851,0.001086100000065926,0.16447109999990062,0.1666239999995014
DECK,5032,3107,0.0012526999998954125,0.001166400000329304,0.1616108999996868,0.16402999999991152
DG,3806,2332,0.0011445000000094296,0.001048300000547897,0.10264960000040446,0.10484240000096179
DGX,5032,3020,0.001009399999929883,0.0010656999993443605,0.1618973000004189,0.16397239999969315
DHI,5032,2902,0.0012405999996190076,0.0011168999999426887,0.16174669999963953,0.16410419999920123
DHR,5032,3233,0.001193799999782641,0.001113700000132667,0.16380059999937657,0.16610809999929188
DIS,5032,2894,0.000995399999737856,0.0010629000007611467,0.16336239999964164,0.16542070000014064
DLR,5032,3288,0.0013516999997591483,0.0013202000000092085,0.16321340000013151,0.16588529999989987
DLTR,5032,3054,0.0014449999998760177,0.001269000000320375,0.16275729999961186,0.16547129999980825
DOC,5032,3018,0.0012205000002722954,0.0012181000001874054,0.16188359999978275,0.16432220000024245
DOV,5032,3212,0.001201500000206579,0.0011154000003443798,0.1625136000002385,0.16483050000078947
DPZ,5032,3349,0.0011936000000787317,0.001123600000028091,0.16154980000010255,0.16386700000020937
DRI,5032,3008,0.0013307999997778097,0.0011435000005803886,0.16312290000041685,0.16559720000077505
DTE,5032,3227,0.001301400000556896,0.0011905999999726191,0.16279170000052545,0.16528370000105497
DUK,5032,3247,0.0014876000004733214,0.001206300000376359,0.16125520000059623,0.1639491000014459
DVA,5032,3035,0.0015889000005699927,0.0012501000001066132,0.16483229999994364,0.16767130000062025
DVN,5032,2638,0.0015789999997650739,0.0012788000003638444,0.163061999999627,0.16591979999975592
DXCM,4962,3030,0.0011132999998153537,0.0010607000003801659,0.1331202999999732,0.13529430000016873
EA,5032,2816,0.0011566000002858345,0.0011299999996481347,0.16329969999969762,0.1655862999996316
EBAY,5032,2744,0.0010526000005484093,0.001089000000320084,0.1618706999997812,0.1640123000006497
ECL,5032,3066,0.0012026999993395293,0.0012585000004037283,0.16287740000007034,0.1653385999998136
ED,5032,3133,0.001239000000168744,0.0011414000000513624,0.1640413000004628,0.1664217000006829
EFX,5032,3176,0.001446399999622372,0.0011921999994228827,0.16215339999962453,0.16479199999866978
EG,5032,2962,0.0011794000001827953,0.001139099999818427,0.16222649999963323,0.16454499999963446
EIX,5032,2992,0.0013564999999289284,0.0011871000006067334,0.16381679999994958,0.16636040000048524
EL,5032,3083,0.001150999999481428,0.0011236999998800457,0.16100079999978334,0.1632754999991448
ELV,5032,3226,0.0012230000002091401,0.0012439000001904787,0.1649355999998079,0.1674025000002075
EMN,5032,2916,0.0012802000001101987,0.0012478999997256324,0.16267040000002453,0.16519849999986036
EMR,5032,3017,0.0014845999994577141,0.0012340000002950546,0.1637096999993446,0.16642829999909736
ENPH,3208,1632,0.0013078000001769396,0.0010497000002942514,0.08644559999993362,0.08880310000040481
EOG,5032,2923,0.0011024999994333484,0.0011061000004701782,0.16175829999974667,0.1639668999996502
EPAM,3244,2061,0.0011650999995254097,0.0010153999992326135,0.0872163999993063,0.08939689999806433
EQIX,5032,3207,0.0009792999999262975,0.0010470999995959573,0.16407540000000154,0.1661017999995238
EQR,5032,3086,0.0011449000003267429,0.0010933000003205962,0.16184049999992567,0.164078700000573
EQT,5032,2779,0.0012882999999419553,0.0011718999994627666,0.16120610000052693,0.16366629999993165
ERIE,5032,3032,0.0010971000001518405,0.0011188000007678056,0.16329159999986587,0.1655075000007855
ES,5032,3096,0.0014416000003620866,0.001209999999446154,0.16437039999982517,0.1670219999996334
ESS,5032,3167,0.0012058000002070912,0.0012031999995087972,0.16033389999938663,0.16274289999910252
ETN,5032,3158,0.001079800000297837,0.0011217999999644235,0.16155939999953262,0.16376099999979488
ETR,5032,3031,0.0011909000004379777,0.0011217999999644235,0.16165240000009362,0.16396510000049602
EVRG,5032,3274,0.0012004000000160886,0.0011058999998567742,0.16380320000007487,0.16610949999994773
EW,5032,3099,0.0011240999992878642,0.001117000000704138,0.16410200000063924,0.16634310000063124
EXC,5032,2950,0.0013313999997990322,0.0013948999994681799,0.1615738999998939,0.16430019999916112
EXPD,5032,2854,0.0015779999994265381,0.0012800000004062895,0.16164910000043164,0.16450710000026447
EXPE,4894,2828,0.0012249000001247623,0.0013538000002881745,0.1306072999996104,0.13318600000002334
EXR,5032,3246,0.0012784999998984858,0.001146800000242365,0.1617777000001297,0.16420300000027055
F,5032,2564,0.0012742000008074683,0.0011391999996703817,0.1645462000005864,0.16695960000106425
FANG,3072,1836,0.0013263000000733882,0.0011592000000746339,0.08340610000050219,0.08589160000065021
FAST,5032,2926,0.0010907999994742568,0.0010898000000452157,0.16247329999987414,0.16465389999939362
FCX,5032,2751,0.0010984999998981948,0.001097700000173063,0.16120369999953255,0.1633998999996038
FDS,5032,3141,0.001071800000318035,0.0010884000002988614,0.16212309999991703,0.16428330000053393
FDX,5032,2775,0.0012035999998261104,0.0011257000005571172,0.16183129999990342,0.16416060000028665
FE,5032,3042,0.0012778999998772633,0.0011474000002635876,0.16363780000028783,0.16606310000042868
FFIV,5032,2932,0.0014833999994152691,0.0012071999999534455,0.1625146999995195,0.16520529999888822
FI,5032,3383,0.0012406999994709622,0.001198899999508285,0.16457999999965978,0.16701959999863902
FICO,5032,3228,0.0011365000000296277,0.0011143000001538894,0.16192030000001978,0.1641711000002033
FIS,5032,3217,0.0011237999997320003,0.001101800000469666,0.16178120000040508,0.16400680000060675
FITB,5032,2855,0.0012509999996836996,0.0011979999999311985,0.16090559999975085,0.16335459999936575
FMC,5032,3005,0.0010743000002548797,0.0010961999996652594,0.16339259999949718,0.16556309999941732
FRT,5032,3076,0.0012136000004829839,0.0011285000000498258,0.16201100000034785,0.16435310000088066
FSLR,4558,2421,0.0011841000005006208,0.0011514999996506958,0.12300920000052429,0.1253448000006756
FTNT,3803,2421,0.0010437000000820262,0.0010090999994645244,0.10213419999945472,0.10418699999900127
GD,5032,3274,0.0011838000000352622,0.0011240000003454043,0.1622810999997455,0.16458890000012616
GE,5032,2724,0.0010918999996647472,0.0011246000003666268,0.16205269999954908,0.16426919999958045
GEN,5032,2666,0.0011752000000342377,0.0011260999999649357,0.16303599999992002,0.1653372999999192
GILD,5032,2902,0.0012476000001697685,0.0011721000000761705,0.16251069999998435,0.1649304000002303
GIS,5032,3135,0.001299999999901047,0.001146100000369188,0.1616593999997349,0.16410550000000512
GL,5032,3338,0.0011631000006673275,0.0010984000000462402,0.1617659999992611,0.16402749999997468
GLW,5032,2895,0.0011398000006010989,0.0010954999997920822,0.1625701000002664,0.16480540000065957
GM,3551,1876,0.001169099999970058,0.001053900000442809,0.09486239999932877,0.09708539999974164
GNRC,3746,2301,0.0011451999998826068,0.0010993999994752812,0.10028479999982665,0.10252939999918453
GOOG,5032,3114,0.0010494999996808474,0.0010695000000850996,0.16238290000001143,0.16450189999977738
GOOGL,5032,3123,0.0012797999997928855,0.0011644000005617272,0.16243169999961538,0.16487589999997
GPC,5032,3050,0.001508099999227852,0.0012260999992577126,0.1620296999999482,0.16476389999843377
GPN,5032,3095,0.0013654000003953115,0.0011826999998447718,0.16275630000018282,0.1653044000004229
GRMN,5032,3066,0.0010772000005090376,0.0011021999998774845,0.16242349999993166,0.1646029000003182
GS,5032,2972,0.001271199999791861,0.0011526999996931409,0.16272740000022168,0.16515129999970668
GWW,5032,3146,0.0012233000006744987,0.0011220999995202874,0.16313549999995303,0.1654809000001478
HAL,5032,2713,0.0015994999994290993,0.0012577999996210565,0.16078530000049795,0.1636425999995481
HAS,5032,3078,0.001104700000723824,0.0010693000003811903,0.16181070000038744,0.16398470000149246
HBAN,5032,2955,0.0011199000000488013,0.0011116999994555954,0.16270319999966887,0.16493479999917326
HCA,3475,2202,0.0015229999999064603,0.0011218999998163781,0.09452779999992345,0.09717269999964628
HD,5032,3185,0.0011127000007036258,0.0010750999999800115,0.16276939999988826,0.1649572000005719
HIG,5032,2938,0.001457700000173645,0.0012139000000388478,0.16214230000059615,0.16481390000080864
HII,3467,2080,0.0012501999999585678,0.0010601999993014033,0.09325039999930596,0.09556079999856593
HLT,2780,1771,0.0009371999994982616,0.0009405999999216874,0.07483510000020033,0.07671289999962028
HOLX,5032,2954,0.0009872000000541448,0.0010593000006338116,0.16773039999952744,0.1697769000002154
HON,5032,3292,0.0015118999999685911,0.0012796999999409309,0.16263719999915338,0.1654287999990629
HPQ,5032,3030,0.0012591000004249508,0.0011919999997189734,0.16247310000017023,0.16492420000031416
HRL,5032,3159,0.0011430000004111207,0.0011585000002014567,0.1641208999999435,0.16642240000055608
HSIC,5032,3088,0.0012507999999797903,0.001131099999838625,0.16534479999972973,0.16772669999954815
HST,5032,2838,0.0011425000002418528,0.001095300000088173,0.16208339999957388,0.1643211999999039
HSY,5032,2973,0.001203699999678065,0.0011436000004323432,0.1625728999997591,0.1649201999998695
HUBB,5032,3116,0.0011230000000068685,0.0011113000000477768,0.16191729999991367,0.1641515999999683
HUM,5032,3075,0.001149499999883119,0.0010943999996015918,0.16305689999990136,0.16530079999938607
IBM,5032,2868,0.0015190999993137666,0.0011911999999938416,0.16206090000014228,0.1647711999994499
ICE,4811,2958,0.0012341000001470093,0.0011710999997376348,0.12962659999993775,0.1320317999998224
IDXX,5032,3118,0.0011145000007672934,0.0010997999997925945,0.16600389999985055,0.16821820000041043
IEX,5032,3228,0.0013641000005009118,0.0011592000000746339,0.16184090000024298,0.16436420000081853
IFF,5032,3045,0.001224700000420853,0.0011449000003267429,0.16483880000032514,0.16720840000107273
ILMN,5032,3093,0.0014556999994965736,0.0012159999996583792,0.16237940000064555,0.1650510999998005
INCY,5032,2692,0.0013496999999915715,0.0011787000003096182,0.16388670000014827,0.16641510000044946
INTC,5032,2856,0.0014735000004293397,0.0012221999995745136,0.16118270000060875,0.1638784000006126
INTU,5032,3378,0.001394599999912316,0.0011724000005415292,0.1628833000004306,0.16545030000088445
IP,5032,2758,0.0012558999997054343,0.0011388000002625631,0.162628300000506,0.16502300000047398
IPG,5032,2832,0.001299700000345183,0.0013693999999304651,0.16407059999983176,0.1667397000001074
IQV,2931,1783,0.0012354999998933636,0.0011369999992894009,0.07917759999963891,0.08155009999882168
IRM,5032,2980,0.0010180999997828621,0.0010832999996637227,0.16129110000019864,0.16339249999964522
ISRG,5032,3262,0.001196199999867531,0.0011295999993308214,0.16307329999926878,0.16539909999846714
IT,5032,3306,0.0011389999999664724,0.0010787999999593012,0.16187079999963316,0.16408859999955894
ITW,5032,3113,0.0013110999998389161,0.0011525999998411862,0.16196710000076564,0.16443080000044574
IVZ,5032,2795,0.0011999000007563154,0.0011187000000063563,0.1613878999996814,0.16370650000044407
J,5032,2962,0.001263199999812059,0.0011356000004525413,0.16194929999983287,0.16434810000009747
JBHT,5032,2959,0.0013441999999486143,0.0011311999996905797,0.16327699999965262,0.1657523999992918
JBL,5032,3013,0.0010722999995778082,0.0010928000001513283,0.16119159999925614,0.16335669999898528
JCI,5032,3003,0.0011256999996476225,0.0010949999996228144,0.1626912000001539,0.16491189999942435
JKHY,5032,3167,0.0011561999999685213,0.0011924000000362867,0.1597805999999764,0.1621291999999812
JNJ,5032,2893,0.0011552000005394802,0.0011217999999644235,0.16288340000028256,0.16516040000078647
JPM,5032,3087,0.0012793000005331123,0.0012901000000056229,0.16232920000038575,0.1648986000009245
K,5032,2892,0.0012926999997944222,0.0011333000002196059,0.16509599999972124,0.16752199999973527
KDP,4191,2579,0.0012085999996997998,0.0010662000004231231,0.11216489999969781,0.11443969999982073
KEY,5032,2818,0.0011010999996869941,0.0010952000002362183,0.16338220000034198,0.1655785000002652
KEYS,2566,1559,0.0011284000001978711,0.0010022999995271675,0.0691703000002235,0.07130099999994854
KIM,5032,2909,0.0011113000000477768,0.0012540999996417668,0.1632198999996035,0.16558529999929306
KKR,3640,2381,0.0011549000000741216,0.0010237999995297287,0.09983910000028118,0.10201779999988503
KLAC,5032,2960,0.0012725999995382153,0.0012396000001899665,0.16265999999995984,0.16517219999968802
KMB,5032,2931,0.0014499000008072471,0.0011693999995259219,0.16253789999973378,0.16515720000006695
KMI,3493,1994,0.001096799999686482,0.0010302999999112217,0.09342350000042643,0.09555060000002413
KMX,5032,2865,0.0013710000002902234,0.0011890000005223555,0.1629947000001266,0.1655547000009392
KO,5032,3158,0.0011488999998618965,0.0010779999993246747,0.16187380000064877,0.16410069999983534
KR,5032,3001,0.0011948999999731313,0.0011162000000695116,0.16500649999943562,0.16731759999947826
L,5032,3238,0.001442700000552577,0.001127799999267154,0.16269869999996445,0.16526919999978418
LDOS,4581,2636,0.0014940999999453197,0.0012409000000843662,0.12363129999994271,0.1263662999999724
LEN,5032,2837,0.0013370999995458988,0.0011722999997800798,0.16235469999992347,0.16486409999924945
LH,5032,3037,0.0014210999997885665,0.0011893000000782195,0.16286180000042805,0.16547220000029483
LHX,5032,3142,0.0012019000005238922,0.0011216000002605142,0.1617974000000686,0.164120900000853
LII,5032,3345,0.0012784000000465312,0.0011709000000337255,0.162746199999674,0.16519549999975425
LIN,5032,3330,0.0011667999997371226,0.0011064999998779967,0.16173259999959555,0.16400589999921067
LKQ,5032,3088,0.0012326000005487003,0.0011338000003888737,0.16282130000035977,0.16518770000129734
LLY,5032,3122,0.0011331000005156966,0.0011075000002165325,0.16229019999991579,0.16453080000064801
LMT,5032,3205,0.0011322000000291155,0.001096500000130618,0.16193079999993643,0.16415950000009616
LNT,5032,3322,0.0012314999994487152,0.0011465000006865012,0.16211909999947238,0.1644970999996076
LOW,5032,3000,0.0011954999999943539,0.0011176999996678205,0.1639127999997072,0.16622599999936938
LRCX,5032,3000,0.0012340000002950546,0.0011543000000528991,0.16270540000004985,0.1650937000003978
LULU,4387,2544,0.001186000000416243,0.001115399999434885,0.11970920000021579,0.12201060000006692
LUV,5032,2640,0.0016100000002552406,0.0012435999997251201,0.1632792000000336,0.16613280000001396
LVS,5032,2683,0.0012464000001273234,0.001153100000010454,0.1618490999999267,0.16424860000006447
LYB,3694,2327,0.0014617000006182934,0.00120249999963562,0.09945630000038364,0.10212050000063755
LYV,4787,2915,0.0013889000001654495,0.001205199999276374,0.12928120000015042,0.13187529999959224
MA,4681,3296,0.001070399999662186,0.0010402999996586004,0.12703140000030544,0.12914209999962623
MAA,5032,3255,0.0014385000004040194,0.0011813999999503721,0.1631655999999566,0.165785500000311
MAR,5032,2950,0.001258399999642279,0.0011531999998624087,0.16237879999971483,0.16479039999921952
MAS,5032,2865,0.0010812999998961459,0.0010947000000669505,0.16183579999960784,0.16401179999957094
MCD,5032,3273,0.0011788000001615728,0.0011307999993732665,0.16236019999996643,0.16466979999950127
MCHP,5032,3012,0.001437199999600125,0.001245299999936833,0.16250880000006873,0.1651912999996057
MCK,5032,3318,0.0013218000003689667,0.001144499999099935,0.16393990000051417,0.16640619999998307
MCO,5032,3351,0.0012214999997013365,0.0012020999993183068,0.16370920000008482,0.16613279999910446
MDLZ,5032,2989,0.0011702000001605484,0.0011228999992454192,0.1624034999995274,0.16469659999893338
MDT,5032,2958,0.001175399999738147,0.0011981999996351078,0.1633151000005455,0.16568869999991875
MET,5032,2969,0.0013644999999087304,0.0011895999996340834,0.16200620000017807,0.16456029999972088
META,3174,2062,0.0012341000001470093,0.0010569999994913815,0.08803640000041923,0.09032750000005763
MGM,5032,2641,0.0010455999999976484,0.0010873999999603257,0.1624805000001288,0.1646135000000868
MHK,5032,2752,0.0015043999992485624,0.001202999999804888,0.1630064000000857,0.16571379999913916
MKC,5032,3123,0.001119799999287352,0.0018112000007022289,0.16277179999997315,0.16570279999996274
MKTX,5032,2912,0.0011032999991584802,0.001080799999726878,0.16340630000013334,0.1655903999990187
MLM,5032,2963,0.00128350000068167,0.0011505000002216548,0.16243559999929857,0.1648696000002019
MMC,5032,3295,0.001408600000104343,0.0011477999996714061,0.16314650000003894,0.1657028999998147
MMM,5032,3015,0.001339899999948102,0.0011531999998624087,0.16442000000006374,0.16691309999987425
MNST,5032,3287,0.0011639999993349193,0.0011062999992645928,0.1622479999996358,0.1645182999982353
MO,5032,3269,0.0012065000000802684,0.0011297999999442254,0.16265810000004421,0.1649944000000687
MOH,5032,2961,0.0011021999998774845,0.0010849999998754356,0.1622797999998511,0.164466999999604
MOS,5032,2765,0.0014252000000851694,0.0013085999999020714,0.16062949999923148,0.16336329999921873
MPC,3401,2031,0.0011623999998846557,0.001019100000121398,0.09313230000043404,0.0953138000004401
MPWR,5032,3268,0.0011326000003464287,0.0011059999997087289,0.16340570000011212,0.16564430000016728
MRK,5032,2936,0.0011044000002584653,0.0010903000002144836,0.16316530000040075,0.1653600000008737
MS,5032,3070,0.0012037999995300197,0.0011138999998365762,0.16234170000006998,0.16465939999943657
MSCI,4309,2808,0.0012142000005042064,0.0010605000006762566,0.11600609999914013,0.1182808000003206
MSFT,5032,3243,0.0013658999996550847,0.0011539999995875405,0.1627294999998412,0.16524939999908383
MSI,5032,3131,0.0016389000002163812,0.0012668999997913488,0.16542590000062773,0.16833170000063546
MTB,5032,3004,0.0011900999998033512,0.0011389999999664724,0.16264890000002197,0.1649779999997918
MTCH,5032,2904,0.0013251000000309432,0.0011578000003282796,0.1658941000005143,0.16837700000087352
MTD,5032,3284,0.001240400000824593,0.0012940000005983165,0.16314449999936187,0.16567890000078478
MU,5032,2799,0.001333899999735877,0.0011068000003433554,0.16215139999985695,0.16459209999993618
NCLH,3007,1661,0.0014275000003181049,0.0011099000003014226,0.08036549999997078,0.08290290000059031
NDAQ,5032,3180,0.001121199999943201,0.001095000000532309,0.16270479999911913,0.16492099999959464
NDSN,5032,3086,0.0014254000006985734,0.0011541999992914498,0.16326000000026397,0.165839600000254
NEE,5032,3381,0.0011808999997811043,0.0011371999999028048,0.16472950000024866,0.16704759999993257
NEM,5032,2538,0.0011188999997102655,0.001106400000026042,0.16068119999999908,0.1629064999997354
NFLX,5032,3241,0.0012807000002794666,0.0011731000004147063,0.1632273000004716,0.16568110000116576
NI,5032,3275,0.0013588000001618639,0.0011816000005637761,0.16039570000066306,0.1629361000013887
NKE,5032,3026,0.0011990000002697343,0.0011159999994561076,0.16546159999961674,0.16777659999934258
NOC,5032,3353,0.0015247999999701278,0.0012163000001237378,0.16264940000019124,0.1653905000002851
NOW,3145,2149,0.0011447000006228336,0.0010271999999531545,0.08537150000029214,0.08754340000086813
NRG,5032,2804,0.0011123999993287725,0.0010669000002963003,0.16265650000059395,0.16483580000021902
NSC,5032,3111,0.0011829000004581758,0.001122399999985646,0.16401959999984683,0.16632490000029065
NTAP,5032,2884,0.0014379999993252568,0.0013375000007727067,0.1616282000004503,0.16440370000054827
NTRS,5032,3076,0.001214300000356161,0.00112269999954151,0.16253690000030474,0.1648739000002024
NUE,5032,2817,0.001209999999446154,0.0011177000005773152,0.1643714000001637,0.16669910000018717
NVDA,5032,3312,0.0011813000000984175,0.0011160999993080623,0.16095599999971455,0.16325339999912103
NVR,5032,3224,0.0012166999995315564,0.0011476999998194515,0.1613800999994055,0.1637444999987565
NWS,2903,1574,0.0011962000007770257,0.0010521000003791414,0.0789398999995683,0.08118820000072446
NWSA,2903,1579,0.0011297999999442254,0.0010079000003315741,0.07787680000001274,0.08001450000028854
NXPI,3624,2315,0.0010952000002362183,0.0010272999998051091,0.10096530000009807,0.1030878000001394
O,5032,3160,0.000988599999800499,0.001070399999662186,0.1633704999994734,0.16542949999893608
ODFL,5032,3158,0.001106699999581906,0.0011291000000710483,0.16324389999954292,0.16547969999919587
OKE,5032,3262,0.0011402000000089174,0.001134000000092783,0.16104569999970408,0.16331989999980578
OMC,5032,2851,0.0011064999998779967,0.0013850000004822505,0.16188189999957103,0.16437339999993128
ON,5032,2828,0.0010865000003832392,0.0012605000001713051,0.159933999999339,0.16228099999989354
ORCL,5032,3097,0.0013417999998637242,0.0011725999993359437,0.1636940999997023,0.16620849999890197
ORLY,5032,3215,0.0011750999992727884,0.001123600000028091,0.1616293000006408,0.16392799999994168
OXY,5032,2704,0.001187500000014552,0.001108399999793619,0.16263600000002043,0.1649318999998286
PANW,3131,2031,0.0011582000006455928,0.001044999999976426,0.08406730000024254,0.08627050000086456
PARA,5032,2709,0.0009874000006675487,0.0010727000008046161,0.16162709999935032,0.16368720000082249
PAYC,2696,1616,0.001037200000610028,0.0009829999999055872,0.07215939999969123,0.07417960000020685
PAYX,5032,3015,0.0010216999999101972,0.0010913000005530193,0.1622326000006069,0.16434560000107012
PCAR,5032,2929,0.001259800000298128,0.0011288999994576443,0.1625897999992958,0.16497849999905156
PCG,5032,2995,0.0011228000003029592,0.0010829000002559042,0.1629131999998208,0.16511890000037965
PEG,5032,3130,0.0011213000007046503,0.0010978000000250177,0.1609730000000127,0.16319210000074236
PEP,5032,3109,0.0011101999998572865,0.001104200000554556,0.16169600000011997,0.1639104000005318
PFE,5032,2692,0.001101800000469666,0.0011132999998153537,0.16125409999949625,0.16346919999978127
PFG,5032,3107,0.0011319000004732516,0.0011077999997723964,0.1627386000000115,0.16497830000025715
PG,5032,3127,0.001182199999675504,0.0012389999992592493,0.16264369999953487,0.16506489999846963
PGR,5032,3135,0.0014356000001498614,0.0011918999998670188,0.1640054000008604,0.16663290000087727
PH,5032,3133,0.0011371000000508502,0.0011255999997956678,0.16135209999993094,0.16361479999977746
PHM,5032,2935,0.0012074000005668495,0.0011372999997547595,0.1627238999999463,0.1650686000002679
PKG,5032,3221,0.0011211000000912463,0.0011292999997749575,0.16202890000022308,0.16427930000008928
PLD,5032,3155,0.001371100000142178,0.0011807999999291496,0.16216030000032333,0.16471220000039466
PM,4227,2564,0.0012589999996635015,0.001103999999941152,0.1158370000002833,0.11819999999988795
PNC,5032,3170,0.0014693000002807821,0.0012323000000833417,0.16552229999979318,0.1682239000001573
PNR,5032,2959,0.001260099999853992,0.001183100000162085,0.1661011000005601,0.16854430000057619
PNW,5032,3109,0.001318399999945541,0.001222099999722559,0.16486319999967236,0.16740369999934046
PODD,4438,2701,0.0011123000003863126,0.0011371000000508502,0.11984540000048582,0.12209480000092299
POOL,5032,3134,0.0013417000000117696,0.0012137000003349385,0.16202489999977843,0.16458030000012513
PPG,5032,2924,0.00123639999947045,0.001156299999820476,0.16230090000044584,0.16469359999973676
PPL,5032,3126,0.0012736999997287057,0.0011323999997330247,0.1630298000000039,0.16543589999946562
PRU,5032,3088,0.0011190999994141748,0.0011140999995404854,0.1612235000002329,0.16345669999918755
PSA,5032,3063,0.0010756000001492794,0.0011046999998143292,0.16229790000033972,0.16447820000030333
PSX,3200,1825,0.0015273999997589272,0.00114800000028481,0.08676219999961177,0.0894375999996555
PTC,5032,3047,0.0010896000003413064,0.0010780000002341694,0.16286120000040682,0.1650288000009823
PWR,5032,3201,0.0011636999997790554,0.0011347000008754549,0.1620588999994652,0.16435730000011972
QCOM,5032,2965,0.0012684000002991525,0.0011706000004778616,0.16568809999989753,0.16812710000067455
QRVO,2515,1308,0.0013653000005433569,0.0010390000006736955,0.0676659999999174,0.07007030000113446
RCL,5032,2882,0.0009369999997943523,0.0010615000001052977,0.1607733000000735,0.16277179999997315
REG,5032,2893,0.0010400000001027365,0.0010584000001472305,0.16166049999992538,0.16375890000017534
REGN,5032,2913,0.0014176999993651407,0.0011945999995077727,0.16204430000016146,0.16465659999903437
RF,5032,2869,0.00125690000004397,0.0011901999996553059,0.16314409999995405,0.16559119999965333
RHI,5032,2707,0.0011734999998225248,0.0011579999991226941,0.16209100000014587,0.1644224999990911
RJF,5032,3092,0.001257199999599834,0.0011053999996875064,0.16146519999983866,0.163827799999126
RL,5032,2939,0.0011605999998209882,0.0011252000003878493,0.16142330000002403,0.16370910000023287
RMD,5032,3136,0.0012397000000419212,0.0011309000001347158,0.16213869999955932,0.16450929999973596
ROK,5032,3076,0.0013313999997990322,0.0011567999999897438,0.16419320000022708,0.16668140000001586
ROL,5032,3185,0.0014172000001053675,0.0012342999998509185,0.16328010000052018,0.16593160000047646
ROP,5032,3380,0.001372800000353891,0.0011994999995295075,0.1613127999999051,0.1638850999997885
ROST,5032,3167,0.0011186000001544016,0.0010954999997920822,0.162207500000477,0.1644216000004235
RSG,5032,3394,0.0011661999997159,0.0011181999998370884,0.1627199999993536,0.1650043999989066
RTX,5032,3127,0.0013629000004584668,0.0011593999997785431,0.16248069999983272,0.16500300000006973
RVTY,5032,2987,0.00132229999962874,0.001263699999981327,0.16360740000072838,0.16619340000033844
SBAC,5032,3168,0.0011703999998644576,0.0011389000001145178,0.16168870000001334,0.16399799999999232
SBUX,5032,2939,0.0010867000000871485,0.0010860000002139714,0.16074719999960507,0.1629198999999062
SCHW,5032,2959,0.0011927999994441052,0.001115600000048289,0.16090760000042792,0.1632159999999203
SHW,5032,3200,0.0011356000004525413,0.0010743000002548797,0.16227919999982987,0.1644891000005373
SJM,5032,2834,0.0013460000000122818,0.0011624999997366103,0.16279120000035618,0.16529970000010508
SLB,5032,2669,0.0012254000002940302,0.0011188000007678056,0.16497119999985443,0.16731540000091627
SMCI,4470,2597,0.001110599999265105,0.0010871000004044618,0.1226462000004176,0.12484390000008716
SNA,5032,3283,0.0013417000000117696,0.0011453000006440561,0.1620109000004959,0.16449790000115172
SNPS,5032,3251,0.0011006999993696809,0.0011129000004075351,0.16226709999955347,0.16448069999933068
SO,5032,3219,0.0012305000000196742,0.0011103000006187358,0.16334310000002006,0.16568390000065847
SPG,5032,3023,0.00138159999914933,0.0012357999994492275,0.16113489999952435,0.1637522999981229
SPGI,5032,3249,0.001316600000791368,0.0011990000002697343,0.16280269999970187,0.16531830000076297
SRE,5032,3244,0.00123630000052799,0.001157499999862921,0.1629430000002685,0.16533680000065942
STE,5032,3189,0.0011610000001383014,0.001092399999834015,0.16174210000008316,0.16399550000005547
STLD,5032,3007,0.0014831999997113599,0.0012065000000802684,0.16186019999986456,0.1645498999996562
STT,5032,2989,0.0013751999995292863,0.0011941000002479996,0.16201580000051763,0.16458510000029491
STX,5032,2779,0.0012751000003845547,0.001148299999840674,0.16302319999977044,0.16544659999999567
STZ,5032,3170,0.0012359000002106768,0.00112500000068394,0.16208110000025044,0.16444200000114506
SW,4163,2472,0.0012117999995098216,0.001101899999412126,0.1136888999999428,0.11600259999886475
SWK,5032,2962,0.0015447000005224254,0.0012652000004891306,0.1622486000005665,0.16505850000157807
SWKS,5032,2744,0.0014823000001342734,0.0011989000004177797,0.1620191000001796,0.16470030000073166
SYF,2622,1564,0.0014973000006648363,0.0011064999998779967,0.07066219999978784,0.07326600000033068
SYK,5032,3216,0.0011091000005762908,0.0010726999998951214,0.16207409999969968,0.1642559000001711
SYY,5032,2978,0.001509799999439565,0.0012179000004834961,0.16327230000024429,0.16600000000016735
T,5032,2977,0.001523099999758415,0.0012371000002531218,0.16508840000005875,0.1678486000000703
TAP,5032,2693,0.0011746999998649699,0.0011140999995404854,0.16383370000039577,0.16612249999980122
TDG,4731,3320,0.001553799999783223,0.0012540999996417668,0.12804360000063753,0.13085150000006252
TDY,5032,3154,0.0014211000006980612,0.0012060999997629551,0.164128499999606,0.166755700000067
TECH,5032,3049,0.0014238000003388152,0.0011826999998447718,0.16094849999990402,0.1635550000000876
TEL,4417,2710,0.0012016999999104883,0.0012771000001521315,0.11973480000051495,0.12221360000057757
TER,5032,2951,0.001374099999338796,0.0011803999996118364,0.1638333999999304,0.16638789999888104
TFC,5032,2936,0.0012228999994476908,0.001157700000476325,0.16299029999936465,0.16537089999928867
TFX,5032,3055,0.0013986000003569643,0.0012742999997499282,0.16100029999961407,0.16367319999972096
TGT,5032,2795,0.0014046999995116494,0.0012643000000025495,0.16199609999966924,0.16466509999918344
TJX,5032,3357,0.0012790999999197084,0.0011489999997138511,0.1618146999999226,0.16424279999955615
TMO,5032,3267,0.0011021000000255299,0.0011379000006854767,0.1611430000002656,0.1633830000009766
TMUS,4456,2764,0.0012141999995947117,0.0011910000002899324,0.11987410000074306,0.1222793000006277
TPL,5032,2993,0.0011683999991873861,0.0011250999996264,0.16293679999944288,0.16523029999825667
TPR,5032,2792,0.0011004999996657716,0.0010898999998971703,0.16091940000023897,0.1631097999998019
TRGP,3539,2281,0.0014346999996632803,0.0012577000006785966,0.09408860000075947,0.09678100000110135
TRMB,5032,2935,0.0010697999996409635,0.0010452999995322898,0.16217320000032487,0.16428829999949812
TROW,5032,3054,0.0016057000002547284,0.0013571999998021056,0.16265019999991637,0.1656130999999732
TRV,5032,3093,0.0013079000000288943,0.00128590000076656,0.16217479999977513,0.1647686000005706
TSCO,5032,3106,0.001168800000414194,0.0011278000001766486,0.16157539999949222,0.16387200000008306
TSLA,3651,2070,0.0012188999999125372,0.0010690999997677864,0.09779660000003787,0.1000845999997182
TSN,5032,2802,0.001134299999648647,0.0011125999999421765,0.1629308999999921,0.16517779999958293
TT,5032,3313,0.0013650000000779983,0.0011642999998002779,0.16182109999954264,0.16435039999942092
TTWO,5032,2939,0.0013970999998491607,0.0012010999998892657,0.16214120000040566,0.1647394000001441
TXN,5032,3107,0.0012040000001434237,0.00114080000003014,0.16335890000027575,0.16570370000044932
TXT,5032,2914,0.0011932000006709131,0.0011065999997299514,0.16256550000071002,0.16486530000111088
TYL,5032,3372,0.0011841000005006208,0.001119700000344892,0.1628268999993452,0.1651307000001907
UAL,4757,2593,0.0013922000007369206,0.001124599999457132,0.12858689999939088,0.13110369999958493
UDR,5032,3056,0.0013944000002084067,0.0011924999998882413,0.1644666000001962,0.16705350000029284
UHS,5032,2875,0.001460899999983667,0.0012110000006941846,0.16349859999991168,0.16617050000058953
ULTA,4324,2859,0.0014874000007694121,0.0014241000008041738,0.1180393999993612,0.12095090000093478
UNH,5032,3285,0.0010881999996854574,0.0011186000001544016,0.16370999999980995,0.1659167999996498
UNP,5032,3290,0.0012289999995118706,0.0011426000000938075,0.162102600000253,0.16447419999985868
UPS,5032,2828,0.0012932999998156447,0.0011994999995295075,0.16129499999988184,0.163787799999227
URI,5032,3112,0.0013269999999465654,0.0011578999992707395,0.16077899999982037,0.16326389999903768
USB,5032,3069,0.0010653999997884966,0.001087599999664235,0.16284139999970648,0.1649943999991592
V,4225,2911,0.0011180999999851338,0.0010578999999779626,0.11433749999923748,0.11651349999920058
VFC,5032,2868,0.001097700000173063,0.0011285000000498258,0.16175600000042323,0.16398220000064612
VLO,5032,2778,0.0011379999996279366,0.0012886999993497739,0.16192539999974542,0.16435209999872313
VMC,5032,2904,0.0014310999995359452,0.001211699999657867,0.16193480000038107,0.1645775999995749
VRSK,3833,2577,0.0011735999996744795,0.001048600000103761,0.10362299999997049,0.10584519999974873
VRSN,5032,3088,0.0009753999993336038,0.0010584000001472305,0.16098909999982425,0.16302289999930508
VRTX,5032,2924,0.0011800000002040179,0.001123600000028091,0.16249779999998282,0.16480140000021493
VTR,5032,3047,0.0013005999999222695,0.0011179999992236844,0.16232029999991937,0.16473889999906532
VTRS,5032,2631,0.0011448000004747882,0.0010996999999406398,0.16195490000063728,0.1641994000010527
VZ,5032,2750,0.0014845999994577141,0.0011927999994441052,0.16111739999996644,0.16379479999886826
WAB,5032,3283,0.001203699999678065,0.0011220000005778274,0.1642543999996633,0.16658009999991918
WAT,5032,3035,0.0015130000001590815,0.0012326000005487003,0.16217800000049465,0.16492360000120243
WBA,5032,2437,0.0012612000000444823,0.001139099999818427,0.16202460000022256,0.16442490000008547
WBD,4903,2574,0.0011670000003505265,0.0012209999995320686,0.13210960000014893,0.13449760000003153
WDAY,3072,1905,0.001128999999309599,0.0010323999995307531,0.08270189999984723,0.08486329999868758
WDC,5032,2893,0.001142000000072585,0.001098699999602104,0.16307310000047437,0.16531380000014906
WEC,5032,3264,0.0013192999995226273,0.0011535000003277673,0.161602899999707,0.1640756999995574
WELL,5032,3168,0.0011438000001362525,0.0011153000004924252,0.16329439999935857,0.16555349999998725
WFC,5032,2911,0.001160100000561215,0.0011088999999628868,0.16103710000061255,0.16330610000113666
WHR,5032,2663,0.0012448999996195198,0.0011727999999493477,0.16195930000048975,0.16437700000005862
WM,5032,3231,0.0012099000005036942,0.0011371000000508502,0.1607622999999876,0.16310930000054213
WMB,5032,3124,0.001408600000104343,0.001168899999356654,0.162504999999328,0.165082499998789
WMT,5032,3056,0.0014346999996632803,0.0011893000000782195,0.16466979999950127,0.16729379999924276
WRB,5032,3180,0.001482600000599632,0.0012112000003980938,0.1606869999995979,0.16338080000059563
WST,5032,3140,0.0011762999993152334,0.001180700000077195,0.1628169000005073,0.16517389999989973
WTW,5032,2950,0.001316900000347232,0.0012483999998949002,0.1614835000000312,0.16404880000027333
WY,5032,2903,0.0011312999995425344,0.0011374999994586688,0.1619050999997853,0.1641738999987865
WYNN,5032,2710,0.0014927000001989654,0.0011876999997184612,0.16157540000040171,0.16425580000031914
XEL,5032,3231,0.001184599999760394,0.001106400000026042,0.16239649999988615,0.16468749999967258
XOM,5032,2834,0.0013371000004553935,0.0012851000001319335,0.16193589999966207,0.1645581000002494
XRAY,5032,2780,0.0012382000004436122,0.0011229000001549139,0.1639217000001736,0.1662828000007721
XYL,3324,2028,0.001147099999798229,0.0010240000001431326,0.09082610000041313,0.0929972000003545
YUM,5032,3073,0.0011534000004758127,0.001096799999686482,0.1632993000002898,0.1655495000004521
ZBH,5032,2797,0.001265100000637176,0.0011398000006010989,0.1628777000005357,0.16528260000177397
ZBRA,5032,3010,0.0010573999998086947,0.0010921000002781511,0.1640465000000404,0.16619600000012724
ZION,5032,2727,0.0012550999999803025,0.0012251999996806262,0.16197829999964597,0.1644585999993069
ZTS,2998,1941,0.0011120000008304487,0.0010570000004008762,0.09695600000031845,0.09912500000154978
