Date,Close,signal
2013-07-09,13.79631233215332,0.0
2013-07-10,13.515291213989258,0.0
2013-07-11,13.286964416503906,0.0
2013-07-12,13.111327171325684,0.0
2013-07-15,12.882999420166016,0.0
2013-07-16,13.418691635131836,0.0
2013-07-17,13.954387664794922,0.0
2013-07-18,13.585548400878906,0.0
2013-07-19,14.024641036987305,0.0
2013-07-22,13.813875198364258,0.0
2013-07-23,13.743619918823242,0.0
2013-07-24,13.79631233215332,0.0
2013-07-25,13.673365592956543,0.0
2013-07-26,13.954387664794922,0.0
2013-07-29,13.62067699432373,0.0
2013-07-30,14.007074356079102,0.0
2013-07-31,13.989514350891113,0.0
2013-08-01,14.235405921936035,0.0
2013-08-02,14.349570274353027,0.0
2013-08-05,14.050985336303711,0.0
2013-08-06,14.209057807922363,0.0
2013-08-07,14.007074356079102,0.0
2013-08-08,14.165149688720703,0.0
2013-08-09,14.033421516418457,0.0
2013-08-12,13.980731010437012,0.0
2013-08-13,13.901695251464844,0.0
2013-08-14,13.963168144226074,0.0
2013-08-15,14.138806343078613,0.0
2013-08-16,14.033421516418457,0.0
2013-08-19,13.787530899047852,0.0
2013-08-20,13.787530899047852,0.0
2013-08-21,13.84022331237793,0.0
2013-08-22,13.79631233215332,0.0
2013-08-23,13.831439018249512,0.0
2013-08-26,13.928040504455566,0.0
2013-08-27,13.813875198364258,0.0
2013-08-28,13.84022331237793,0.0
2013-08-29,13.849004745483398,0.0
2013-08-30,13.787530899047852,0.0
2013-09-03,13.85778522491455,0.0
2013-09-04,14.077333450317383,0.0
2013-09-05,14.261751174926758,0.0
2013-09-06,14.217843055725098,0.0
2013-09-09,14.349570274353027,0.0
2013-09-10,14.533987045288086,0.0
2013-09-11,14.973084449768066,0.0
2013-09-12,15.025776863098145,0.0
2013-09-13,14.832571983337402,0.0
2013-09-16,14.894042015075684,0.0
2013-09-17,14.929170608520508,0.0
2013-09-18,14.973084449768066,0.0
2013-09-19,14.815009117126465,0.0
2013-09-20,14.613025665283203,0.0
2013-09-23,14.516427040100098,0.0
2013-09-24,14.964298248291016,0.0
2013-09-25,14.753535270690918,0.0
2013-09-26,14.305663108825684,0.0
2013-09-27,14.200277328491211,0.0
2013-09-30,14.10367488861084,0.0
2013-10-01,13.97195053100586,0.0
2013-10-02,14.173930168151855,0.0
2013-10-03,13.936822891235352,0.0
2013-10-04,13.910476684570312,0.0
2013-10-07,13.97195053100586,0.0
2013-10-08,13.875349044799805,0.0
2013-10-09,13.945603370666504,0.0
2013-10-10,14.244187355041504,0.0
2013-10-11,14.411044120788574,0.0
2013-10-14,14.542771339416504,0.0
2013-10-15,14.560336112976074,0.0
2013-10-16,14.73597240447998,0.0
2013-10-17,14.753535270690918,0.0
2013-10-18,14.797442436218262,0.0
2013-10-21,14.797442436218262,0.0
2013-10-22,14.929170608520508,0.0
2013-10-23,15.025776863098145,0.0
2013-10-24,15.18384838104248,0.0
2013-10-25,15.060901641845703,0.0
2013-10-28,15.18384838104248,0.0
2013-10-29,15.333141326904297,0.0
2013-10-30,15.236539840698242,0.0
2013-10-31,15.456088066101074,0.0
2013-11-01,15.605376243591309,0.0
2013-11-04,15.59659481048584,0.0
2013-11-05,15.526341438293457,0.0
2013-11-06,15.289229393005371,0.0
2013-11-07,15.157502174377441,0.0
2013-11-08,15.456088066101074,0.0
2013-11-11,15.298016548156738,0.0
2013-11-12,15.060901641845703,0.0
2013-11-13,15.12237548828125,0.0
2013-11-14,15.148720741271973,0.0
2013-11-15,15.59659481048584,0.0
2013-11-18,15.298016548156738,0.0
2013-11-19,15.350703239440918,0.0
2013-11-20,15.517556190490723,0.0
2013-11-21,15.4209566116333,0.0
2013-11-22,15.412172317504883,0.0
2013-11-25,15.350703239440918,0.0
2013-11-26,15.535122871398926,0.0
2013-11-27,15.68441104888916,0.0
2013-11-29,15.772232055664062,0.0
2013-12-02,15.499998092651367,0.0
2013-12-03,15.368266105651855,0.0
2013-12-04,15.43852424621582,0.0
2013-12-05,15.333141326904297,0.0
2013-12-06,15.614161491394043,0.0
2013-12-09,15.385832786560059,0.0
2013-12-10,15.491212844848633,0.0
2013-12-11,15.456088066101074,0.0
2013-12-12,15.35948371887207,0.0
2013-12-13,15.508777618408203,0.0
2013-12-16,15.605376243591309,0.0
2013-12-17,15.236539840698242,0.0
2013-12-18,15.368266105651855,0.0
2013-12-19,15.245322227478027,0.0
2013-12-20,15.587813377380371,0.0
2013-12-23,15.719536781311035,0.0
2013-12-24,15.719536781311035,0.0
2013-12-26,15.605376243591309,0.0
2013-12-27,15.570247650146484,0.0
2013-12-30,15.728325843811035,0.0
2013-12-31,15.824926376342773,0.0
2014-01-02,15.763450622558594,0.0
2014-01-03,15.649283409118652,0.0
2014-01-06,15.43852424621582,0.0
2014-01-07,15.280444145202637,0.0
2014-01-08,15.18384838104248,0.0
2014-01-09,15.22775936126709,0.0
2014-01-10,15.280444145202637,0.0
2014-01-13,15.060901641845703,0.0
2014-01-14,15.192626953125,0.0
2014-01-15,15.113593101501465,0.0
2014-01-16,14.99942684173584,0.0
2014-01-17,14.99942684173584,0.0
2014-01-21,14.718408584594727,0.0
2014-01-22,14.621810913085938,0.0
2014-01-23,14.516427040100098,0.0
2014-01-24,14.200277328491211,1.0
2014-01-27,14.393477439880371,1.0
2014-01-28,14.261751174926758,0.0
2014-01-29,14.244187355041504,1.0
2014-01-30,14.22662353515625,1.0
2014-01-31,14.015859603881836,1.0
2014-02-03,13.62945556640625,1.0
2014-02-04,13.62945556640625,1.0
2014-02-05,13.70849323272705,1.0
2014-02-06,14.068550109863281,1.0
2014-02-07,15.289229393005371,0.0
2014-02-10,15.37704849243164,0.0
2014-02-11,15.74588680267334,0.0
2014-02-12,15.499998092651367,0.0
2014-02-13,15.508777618408203,0.0
2014-02-14,15.526341438293457,0.0
2014-02-18,15.587813377380371,0.0
2014-02-19,15.44730281829834,0.0
2014-02-20,15.368266105651855,0.0
2014-02-21,15.526341438293457,0.0
2014-02-24,15.754670143127441,0.0
2014-02-25,15.772232055664062,0.0
2014-02-26,15.833708763122559,0.0
2014-02-27,15.824926376342773,0.0
2014-02-28,16.0971622467041,0.0
2014-03-03,15.912742614746094,0.0
2014-03-04,16.15863609313965,0.0
2014-03-05,16.070817947387695,0.0
2014-03-06,16.053251266479492,0.0
2014-03-07,15.728325843811035,0.0
2014-03-10,15.59659481048584,0.0
2014-03-11,15.552682876586914,0.0
2014-03-12,15.658066749572754,0.0
2014-03-13,15.22775936126709,0.0
2014-03-14,15.306793212890625,0.0
2014-03-17,15.271662712097168,0.0
2014-03-18,15.552682876586914,0.0
2014-03-19,15.412172317504883,0.0
2014-03-20,15.37704849243164,0.0
2014-03-21,15.43852424621582,0.0
2014-03-24,15.341920852661133,0.0
2014-03-25,15.245322227478027,0.0
2014-03-26,14.955519676208496,0.0
2014-03-27,14.946733474731445,0.0
2014-03-28,14.955519676208496,0.0
2014-03-31,15.12237548828125,0.0
2014-04-01,15.315576553344727,0.0
2014-04-02,15.315576553344727,0.0
2014-04-03,15.025776863098145,0.0
2014-04-04,15.034555435180664,0.0
2014-04-07,14.99942684173584,0.0
2014-04-08,14.973084449768066,0.0
2014-04-09,15.104813575744629,0.0
2014-04-10,14.77988052368164,0.0
2014-04-11,14.52520751953125,0.0
2014-04-14,14.727190971374512,0.0
2014-04-15,14.60424518585205,0.0
2014-04-16,14.744754791259766,0.0
2014-04-17,14.823789596557617,0.0
2014-04-21,14.885263442993164,0.0
2014-04-22,14.937952041625977,0.0
2014-04-23,15.131156921386719,0.0
2014-04-24,15.175065040588379,0.0
2014-04-25,15.043336868286133,0.0
2014-04-28,15.043336868286133,0.0
2014-04-29,15.113593101501465,0.0
2014-04-30,14.946733474731445,0.0
2014-05-01,15.192626953125,0.0
2014-05-02,15.20141315460205,0.0
2014-05-05,15.280444145202637,0.0
2014-05-06,15.052119255065918,0.0
2014-05-07,14.99942684173584,0.0
2014-05-08,15.025776863098145,0.0
2014-05-09,15.807357788085938,0.0
2014-05-12,15.675638198852539,0.0
2014-05-13,15.561464309692383,0.0
2014-05-14,15.096030235290527,0.0
2014-05-15,14.815009117126465,0.0
2014-05-16,14.973084449768066,0.0
2014-05-19,14.955519676208496,0.0
2014-05-20,14.709626197814941,0.0
2014-05-21,14.850136756896973,0.0
2014-05-22,15.078463554382324,0.0
2014-05-23,15.008211135864258,0.0
2014-05-27,15.12237548828125,0.0
2014-05-28,15.025776863098145,0.0
2014-05-29,15.034555435180664,0.0
2014-05-30,14.981863975524902,0.0
2014-06-02,15.157502174377441,0.0
2014-06-03,15.254098892211914,0.0
2014-06-04,15.341920852661133,0.0
2014-06-05,15.561464309692383,0.0
2014-06-06,15.535122871398926,0.0
2014-06-09,15.508777618408203,0.0
2014-06-10,15.464869499206543,0.0
2014-06-11,15.48243236541748,0.0
2014-06-12,15.192626953125,0.0
2014-06-13,15.131156921386719,0.0
2014-06-16,15.034555435180664,0.0
2014-06-17,15.148720741271973,0.0
2014-06-18,15.43852424621582,0.0
2014-06-19,15.517556190490723,0.0
2014-06-20,15.48243236541748,0.0
2014-06-23,15.254098892211914,0.0
2014-06-24,15.35948371887207,0.0
2014-06-25,15.552682876586914,0.0
2014-06-26,15.824926376342773,0.0
2014-06-27,15.789798736572266,0.0
2014-06-30,15.754670143127441,0.0
2014-07-01,15.895180702209473,0.0
2014-07-02,16.035690307617188,0.0
2014-07-03,16.053251266479492,0.0
2014-07-07,15.912742614746094,0.0
2014-07-08,15.930304527282715,0.0
2014-07-09,16.000560760498047,0.0
2014-07-10,15.798580169677734,0.0
2014-07-11,15.886391639709473,0.0
2014-07-14,15.965432167053223,0.0
2014-07-15,16.044469833374023,0.0
2014-07-16,16.009342193603516,0.0
2014-07-17,15.851266860961914,0.0
2014-07-18,16.000560760498047,0.0
2014-07-21,15.921520233154297,0.0
2014-07-22,15.895180702209473,0.0
2014-07-23,15.903956413269043,0.0
2014-07-24,16.062036514282227,0.0
2014-07-25,15.930304527282715,0.0
2014-07-28,15.860050201416016,0.0
2014-07-29,15.693198204040527,0.0
2014-07-30,15.675638198852539,0.0
2014-07-31,15.499998092651367,0.0
2014-08-01,15.605376243591309,0.0
2014-08-04,15.666849136352539,0.0
2014-08-05,15.499998092651367,0.0
2014-08-06,15.48243236541748,0.0
2014-08-07,15.298016548156738,0.0
2014-08-08,15.060901641845703,0.0
2014-08-11,15.22775936126709,0.0
2014-08-12,15.148720741271973,0.0
2014-08-13,15.025776863098145,0.0
2014-08-14,15.20141315460205,0.0
2014-08-15,15.148720741271973,0.0
2014-08-18,15.104813575744629,0.0
2014-08-19,15.060901641845703,0.0
2014-08-20,15.324357986450195,0.0
2014-08-21,15.43852424621582,0.0
2014-08-22,15.35948371887207,0.0
2014-08-25,15.508777618408203,0.0
2014-08-26,15.473647117614746,0.0
2014-08-27,15.526341438293457,0.0
2014-08-28,15.517556190490723,0.0
2014-08-29,15.48243236541748,0.0
2014-09-02,15.306793212890625,0.0
2014-09-03,15.456088066101074,0.0
2014-09-04,15.456088066101074,0.0
2014-09-05,15.587813377380371,0.0
2014-09-08,15.473647117614746,0.0
2014-09-09,15.18384838104248,0.0
2014-09-10,15.341920852661133,0.0
2014-09-11,15.175065040588379,0.0
2014-09-12,15.034555435180664,0.0
2014-09-15,14.973084449768066,0.0
2014-09-16,14.964298248291016,0.0
2014-09-17,14.964298248291016,0.0
2014-09-18,14.955519676208496,0.0
2014-09-19,15.12237548828125,0.0
2014-09-22,14.973084449768066,0.0
2014-09-23,14.858917236328125,0.0
2014-09-24,14.850136756896973,0.0
2014-09-25,14.6744966506958,0.0
2014-09-26,14.911608695983887,0.0
2014-09-29,14.753535270690918,0.0
2014-09-30,14.358349800109863,0.0
2014-10-01,14.033421516418457,0.0
2014-10-02,13.884130477905273,1.0
2014-10-03,13.97195053100586,1.0
2014-10-06,13.989514350891113,1.0
2014-10-07,13.585548400878906,1.0
2014-10-08,14.033421516418457,1.0
2014-10-09,13.594329833984375,0.0
2014-10-10,13.269400596618652,0.0
2014-10-13,12.856653213500977,1.0
2014-10-14,12.988383293151855,1.0
2014-10-15,12.909345626831055,1.0
2014-10-16,12.821526527404785,1.0
2014-10-17,12.918124198913574,1.0
2014-10-20,13.084979057312012,1.0
2014-10-21,13.532856941223145,0.0
2014-10-22,13.401128768920898,0.0
2014-10-23,13.62067699432373,0.0
2014-10-24,13.813875198364258,0.0
2014-10-27,13.576767921447754,0.0
2014-10-28,13.638239860534668,0.0
2014-10-29,13.638239860534668,0.0
2014-10-30,13.603111267089844,0.0
2014-10-31,13.594329833984375,0.0
2014-11-03,13.664584159851074,0.0
2014-11-04,13.304529190063477,0.0
2014-11-05,13.43625545501709,0.0
2014-11-06,13.462599754333496,0.0
2014-11-07,13.304529190063477,0.0
2014-11-10,13.383564949035645,0.0
2014-11-11,13.383564949035645,0.0
2014-11-12,13.40990924835205,0.0
2014-11-13,13.164017677307129,0.0
2014-11-14,13.34843635559082,0.0
2014-11-17,13.207928657531738,0.0
2014-11-18,13.1815824508667,0.0
2014-11-19,13.339654922485352,0.0
2014-11-20,13.295743942260742,0.0
2014-11-21,13.322091102600098,0.0
2014-11-24,13.576767921447754,0.0
2014-11-25,13.567984580993652,0.0
2014-11-26,13.769966125488281,0.0
2014-11-28,13.62945556640625,0.0
2014-12-01,13.664584159851074,0.0
2014-12-02,13.822657585144043,0.0
2014-12-03,13.866565704345703,0.0
2014-12-04,13.79631233215332,0.0
2014-12-05,13.892913818359375,0.0
2014-12-08,13.611891746520996,0.0
2014-12-09,13.77874755859375,0.0
2014-12-10,13.471383094787598,0.0
2014-12-11,13.462599754333496,0.0
2014-12-12,13.216710090637207,0.0
2014-12-15,12.962035179138184,0.0
2014-12-16,12.847869873046875,0.0
2014-12-17,13.076199531555176,0.0
2014-12-18,13.190364837646484,0.0
2014-12-19,13.366002082824707,0.0
2014-12-22,13.506511688232422,0.0
2014-12-23,13.70849323272705,0.0
2014-12-24,13.594329833984375,0.0
2014-12-26,13.673365592956543,0.0
2014-12-29,13.822657585144043,0.0
2014-12-30,13.849004745483398,0.0
2014-12-31,13.77874755859375,0.0
2015-01-02,13.690930366516113,0.0
2015-01-05,13.278180122375488,0.0
2015-01-06,13.093762397766113,0.0
2015-01-07,13.058637619018555,0.0
2015-01-08,13.471383094787598,0.0
2015-01-09,13.532856941223145,0.0
2015-01-12,13.418691635131836,0.0
2015-01-13,13.374784469604492,0.0
2015-01-14,13.260619163513184,0.0
2015-01-15,13.1815824508667,0.0
2015-01-16,13.225493431091309,0.0
2015-01-20,13.111327171325684,0.0
2015-01-21,13.128890991210938,0.0
2015-01-22,13.34843635559082,0.0
2015-01-23,13.330873489379883,0.0
2015-01-26,13.64702033996582,0.0
2015-01-27,13.567984580993652,0.0
2015-01-28,13.295743942260742,0.0
2015-01-29,13.111327171325684,0.0
2015-01-30,13.076199531555176,0.0
2015-02-02,13.120107650756836,0.0
2015-02-03,13.70849323272705,0.0
2015-02-04,13.690930366516113,0.0
2015-02-05,13.813875198364258,0.0
2015-02-06,14.279314994812012,0.0
2015-02-09,14.683279991149902,0.0
2015-02-10,14.727190971374512,0.0
2015-02-11,14.718408584594727,0.0
2015-02-12,14.788663864135742,0.0
2015-02-13,14.832571983337402,0.0
2015-02-17,15.025776863098145,0.0
2015-02-18,14.894042015075684,0.0
2015-02-19,14.964298248291016,0.0
2015-02-20,15.052119255065918,0.0
2015-02-23,15.210193634033203,0.0
2015-02-24,15.18384838104248,0.0
2015-02-25,15.315576553344727,0.0
2015-02-26,15.218976020812988,0.0
2015-02-27,15.166285514831543,0.0
2015-03-02,15.315576553344727,0.0
2015-03-03,15.113593101501465,0.0
2015-03-04,15.008211135864258,0.0
2015-03-05,15.016993522644043,0.0
2015-03-06,14.77988052368164,0.0
2015-03-09,14.648154258728027,0.0
2015-03-10,14.252967834472656,0.0
2015-03-11,14.402262687683105,0.0
2015-03-12,14.709626197814941,0.0
2015-03-13,14.665717124938965,0.0
2015-03-16,14.858917236328125,0.0
2015-03-17,14.709626197814941,0.0
2015-03-18,14.832571983337402,0.0
2015-03-19,14.65693473815918,0.0
2015-03-20,14.788663864135742,0.0
2015-03-23,14.823789596557617,0.0
2015-03-24,14.727190971374512,0.0
2015-03-25,14.41982364654541,0.0
2015-03-26,14.209057807922363,0.0
2015-03-27,14.182713508605957,0.0
2015-03-30,14.244187355041504,0.0
2015-03-31,14.059768676757812,0.0
2015-04-01,14.147586822509766,0.0
2015-04-02,14.209057807922363,0.0
2015-04-06,14.27053165435791,0.0
2015-04-07,14.156371116638184,0.0
2015-04-08,14.10367488861084,0.0
2015-04-09,13.99829387664795,0.0
2015-04-10,13.980731010437012,0.0
2015-04-13,14.112457275390625,0.0
2015-04-14,14.033421516418457,0.0
2015-04-15,14.007074356079102,0.0
2015-04-16,13.954387664794922,0.0
2015-04-17,13.690930366516113,0.0
2015-04-20,13.743619918823242,0.0
2015-04-21,13.62945556640625,0.0
2015-04-22,13.664584159851074,0.0
2015-04-23,13.664584159851074,0.0
2015-04-24,13.638239860534668,0.0
2015-04-27,13.673365592956543,0.0
2015-04-28,14.024641036987305,0.0
2015-04-29,13.866565704345703,0.0
2015-04-30,13.85778522491455,0.0
2015-05-01,14.094895362854004,0.0
2015-05-04,14.200277328491211,0.0
2015-05-05,14.068550109863281,0.0
2015-05-06,13.164017677307129,0.0
2015-05-07,13.146453857421875,0.0
2015-05-08,13.295743942260742,0.0
2015-05-11,13.79631233215332,0.0
2015-05-12,13.4801664352417,0.0
2015-05-13,13.401128768920898,0.0
2015-05-14,13.515291213989258,0.0
2015-05-15,13.655801773071289,0.0
2015-05-18,13.769966125488281,0.0
2015-05-19,13.769966125488281,0.0
2015-05-20,13.726057052612305,0.0
2015-05-21,13.726057052612305,0.0
2015-05-22,13.64702033996582,0.0
2015-05-26,13.471383094787598,0.0
2015-05-27,13.559199333190918,0.0
2015-05-28,13.4801664352417,0.0
2015-05-29,13.304529190063477,0.0
2015-06-01,13.374784469604492,0.0
2015-06-02,13.313311576843262,0.0
2015-06-03,13.366002082824707,0.0
2015-06-04,13.17280101776123,0.0
2015-06-05,13.17280101776123,0.0
2015-06-08,13.032288551330566,0.0
2015-06-09,12.786396980285645,0.0
2015-06-10,12.865434646606445,1.0
2015-06-11,12.803961753845215,0.0
2015-06-12,12.654671669006348,0.0
2015-06-15,12.47024917602539,1.0
2015-06-16,12.47024917602539,1.0
2015-06-17,12.487814903259277,1.0
2015-06-18,12.76883316040039,1.0
2015-06-19,13.146453857421875,0.0
2015-06-22,13.216710090637207,0.0
2015-06-23,13.164017677307129,0.0
2015-06-24,13.023508071899414,0.0
2015-06-25,12.953253746032715,0.0
2015-06-26,13.34843635559082,0.0
2015-06-29,12.68979549407959,0.0
2015-06-30,12.812742233276367,0.0
2015-07-01,12.856653213500977,0.0
2015-07-02,12.821526527404785,0.0
2015-07-06,12.558070182800293,0.0
2015-07-07,12.601980209350586,0.0
2015-07-08,12.435121536254883,0.0
2015-07-09,12.452688217163086,0.0
2015-07-10,12.51416015625,0.0
2015-07-13,12.672232627868652,0.0
2015-07-14,12.672232627868652,0.0
2015-07-15,12.672232627868652,0.0
2015-07-16,12.874217987060547,0.0
2015-07-17,13.005945205688477,0.0
2015-07-20,13.084979057312012,0.0
2015-07-21,12.803961753845215,0.0
2015-07-22,12.830305099487305,0.0
2015-07-23,12.926905632019043,0.0
2015-07-24,13.049854278564453,0.0
2015-07-27,13.023508071899414,0.0
2015-07-28,12.988383293151855,0.0
2015-07-29,13.023508071899414,0.0
2015-07-30,12.997161865234375,0.0
2015-07-31,12.935689926147461,0.0
2015-08-03,12.76883316040039,0.0
2015-08-04,12.786396980285645,0.0
2015-08-05,12.821526527404785,0.0
2015-08-06,12.312178611755371,0.0
2015-08-07,12.391216278076172,0.0
2015-08-10,12.601980209350586,0.0
2015-08-11,12.259488105773926,0.0
2015-08-12,12.399995803833008,0.0
2015-08-13,13.339654922485352,0.0
2015-08-14,13.330873489379883,0.0
2015-08-17,13.39234733581543,0.0
2015-08-18,13.286964416503906,0.0
2015-08-19,13.199146270751953,0.0
2015-08-20,12.522941589355469,0.0
2015-08-21,12.215577125549316,0.0
2015-08-24,11.45155143737793,0.0
2015-08-25,11.363733291625977,0.0
2015-08-26,11.60962963104248,1.0
2015-08-27,11.960902214050293,0.0
2015-08-28,12.118974685668945,0.0
2015-08-31,11.969684600830078,0.0
2015-09-01,11.477897644042969,0.0
2015-09-02,11.530590057373047,0.0
2015-09-03,11.697443008422852,0.0
2015-09-04,11.258353233337402,0.0
2015-09-08,11.723793029785156,0.0
2015-09-09,11.60962963104248,0.0
2015-09-10,11.425209999084473,0.0
2015-09-11,11.460335731506348,0.0
2015-09-14,11.336441040039062,0.0
2015-09-15,11.451485633850098,0.0
2015-09-16,11.539983749389648,0.0
2015-09-17,11.690427780151367,0.0
2015-09-18,11.43378734588623,0.0
2015-09-21,11.442635536193848,0.0
2015-09-22,11.318740844726562,0.0
2015-09-23,11.283343315124512,0.0
2015-09-24,11.35413932800293,0.0
2015-09-25,11.283343315124512,0.0
2015-09-28,10.876256942749023,0.0
2015-09-29,10.849706649780273,0.0
2015-09-30,11.168294906616211,0.0
2015-10-01,11.265643119812012,0.0
2015-10-02,11.539983749389648,0.0
2015-10-05,11.867422103881836,0.0
2015-10-06,11.947068214416504,0.0
2015-10-07,12.062113761901855,0.0
2015-10-08,12.433799743652344,0.0
2015-10-09,12.354154586791992,0.0
2015-10-12,12.309904098510742,0.0
2015-10-13,12.309904098510742,0.0
2015-10-14,12.37185287475586,0.0
2015-10-15,12.646191596984863,0.0
2015-10-16,12.911684036254883,0.0
2015-10-19,12.90283203125,0.0
2015-10-20,12.893982887268066,0.0
2015-10-21,12.601943969726562,0.0
2015-10-22,13.0001802444458,0.0
2015-10-23,13.274520874023438,0.0
2015-10-26,13.017877578735352,0.0
2015-10-27,13.0001802444458,0.0
2015-10-28,13.274520874023438,0.0
2015-10-29,13.380715370178223,0.0
2015-10-30,13.628506660461426,0.0
2015-11-02,13.832049369812012,0.0
2015-11-03,13.637356758117676,0.0
2015-11-04,13.66390323638916,0.0
2015-11-05,13.584259986877441,0.0
2015-11-06,13.16832447052002,0.0
2015-11-09,12.761239051818848,0.0
2015-11-10,12.778938293457031,0.0
2015-11-11,12.72584056854248,0.0
2015-11-12,12.486899375915527,0.0
2015-11-13,12.194859504699707,0.0
2015-11-16,12.513448715209961,0.0
2015-11-17,12.513448715209961,0.0
2015-11-18,12.628493309020996,0.0
2015-11-19,12.557696342468262,0.0
2015-11-20,12.619643211364746,0.0
2015-11-23,12.672741889953613,0.0
2015-11-24,12.770088195800781,0.0
2015-11-25,12.770088195800781,0.0
2015-11-27,12.610795021057129,0.0
2015-11-30,12.699292182922363,0.0
2015-12-01,12.947080612182617,0.0
2015-12-02,12.752389907836914,0.0
2015-12-03,12.194859504699707,0.0
2015-12-04,12.442648887634277,0.0
2015-12-07,12.274505615234375,0.0
2015-12-08,11.947068214416504,0.0
2015-12-09,11.947068214416504,0.0
2015-12-10,12.168309211730957,0.0
2015-12-11,11.787771224975586,0.0
2015-12-14,11.734674453735352,0.0
2015-12-15,11.911669731140137,0.0
2015-12-16,12.097513198852539,0.0
2015-12-17,11.823173522949219,0.0
2015-12-18,11.663880348205566,0.0
2015-12-21,11.823173522949219,0.0
2015-12-22,11.778923988342285,0.0
2015-12-23,12.12406063079834,0.0
2015-12-24,12.053264617919922,0.0
2015-12-28,11.96476936340332,0.0
2015-12-29,12.141758918762207,0.0
2015-12-30,11.96476936340332,0.0
2015-12-31,11.823173522949219,0.0
2016-01-04,11.690427780151367,0.0
2016-01-05,11.301042556762695,0.0
2016-01-06,11.247941970825195,0.0
2016-01-07,10.991302490234375,0.0
2016-01-08,11.132898330688477,0.0
2016-01-11,10.805460929870605,0.0
2016-01-12,11.000152587890625,0.0
2016-01-13,10.787759780883789,0.0
2016-01-14,11.247941970825195,0.0
2016-01-15,11.070951461791992,0.0
2016-01-19,10.929352760314941,0.0
2016-01-20,10.752362251281738,0.0
2016-01-21,10.947054862976074,0.0
2016-01-22,11.239091873168945,0.0
2016-01-25,11.062102317810059,0.0
2016-01-26,11.327592849731445,0.0
2016-01-27,11.239091873168945,0.0
2016-01-28,11.362988471984863,0.0
2016-01-29,11.478035926818848,0.0
2016-02-01,11.239091873168945,0.0
2016-02-02,10.725812911987305,0.0
2016-02-03,10.832005500793457,0.0
2016-02-04,10.805460929870605,0.0
2016-02-05,9.823143005371094,0.0
2016-02-08,9.34526252746582,1.0
2016-02-09,9.283317565917969,1.0
2016-02-10,9.380659103393555,1.0
2016-02-11,9.203667640686035,1.0
2016-02-12,9.513407707214355,1.0
2016-02-16,9.681549072265625,0.0
2016-02-17,9.734647750854492,0.0
2016-02-18,9.601901054382324,0.0
2016-02-19,9.663850784301758,0.0
2016-02-22,9.823143005371094,0.0
2016-02-23,9.63730239868164,0.0
2016-02-24,9.548803329467773,0.0
2016-02-25,9.619601249694824,0.0
2016-02-26,9.663850784301758,0.0
2016-02-29,9.57535457611084,0.0
2016-03-01,9.531105041503906,0.0
2016-03-02,9.63730239868164,0.0
2016-03-03,9.655001640319824,0.0
2016-03-04,9.734647750854492,0.0
2016-03-07,10.100813865661621,0.0
2016-03-08,9.752510070800781,0.0
2016-03-09,9.904335975646973,0.0
2016-03-10,9.904335975646973,0.0
2016-03-11,10.493773460388184,0.0
2016-03-14,10.324085235595703,0.0
2016-03-15,10.333016395568848,0.0
2016-03-16,10.770630836486816,0.0
2016-03-17,11.110002517700195,0.0
2016-03-18,10.993901252746582,0.0
2016-03-21,11.056416511535645,0.0
2016-03-22,11.288619995117188,0.0
2016-03-23,11.199311256408691,0.0
2016-03-24,11.163589477539062,0.0
2016-03-28,11.476168632507324,0.0
2016-03-29,11.485099792480469,0.0
2016-03-30,11.386859893798828,0.0
2016-03-31,11.404722213745117,0.0
2016-04-01,11.636923789978027,0.0
2016-04-04,11.395791053771973,0.0
2016-04-05,11.26182746887207,0.0
2016-04-06,11.404722213745117,0.0
2016-04-07,11.243964195251465,0.0
2016-04-08,11.083210945129395,0.0
2016-04-11,10.976038932800293,0.0
2016-04-12,11.136795043945312,0.0
2016-04-13,11.342202186584473,0.0
2016-04-14,11.368997573852539,0.0
2016-04-15,11.342202186584473,0.0
2016-04-18,11.127863883972168,0.0
2016-04-19,11.199311256408691,0.0
2016-04-20,11.199311256408691,0.0
2016-04-21,11.377927780151367,0.0
2016-04-22,11.431513786315918,0.0
2016-04-25,11.270756721496582,0.0
2016-04-26,11.422582626342773,0.0
2016-04-27,11.315411567687988,0.0
2016-04-28,11.199311256408691,0.0
2016-04-29,11.092141151428223,0.0
2016-05-02,11.26182746887207,0.0
2016-05-03,10.922453880310059,0.0
2016-05-04,10.851006507873535,0.0
2016-05-05,10.868868827819824,0.0
2016-05-06,11.342202186584473,0.0
2016-05-09,10.967108726501465,0.0
2016-05-10,11.002832412719727,0.0
2016-05-11,10.895662307739258,0.0
2016-05-12,10.663459777832031,0.0
2016-05-13,10.404463768005371,0.0
2016-05-16,10.493773460388184,0.0
2016-05-17,10.440186500549316,0.0
2016-05-18,10.368738174438477,0.0
2016-05-19,10.288361549377441,0.0
2016-05-20,10.583080291748047,0.0
2016-05-23,10.449118614196777,0.0
2016-05-24,10.547356605529785,0.0
2016-05-25,10.743834495544434,0.0
2016-05-26,10.592011451721191,0.0
2016-05-27,10.636665344238281,0.0
2016-05-31,10.681319236755371,0.0
2016-06-01,10.734906196594238,0.0
2016-06-02,10.84207820892334,0.0
2016-06-03,10.690252304077148,0.0
2016-06-06,10.859936714172363,0.0
2016-06-07,10.600942611694336,0.0
2016-06-08,10.538426399230957,0.0
2016-06-09,10.440186500549316,0.0
2016-06-10,10.279431343078613,0.0
2016-06-13,10.315154075622559,0.0
2016-06-14,10.225845336914062,0.0
2016-06-15,10.42232608795166,0.0
2016-06-16,10.181192398071289,0.0
2016-06-17,10.074020385742188,0.0
2016-06-20,10.1901216506958,0.0
2016-06-21,10.315154075622559,0.0
2016-06-22,10.4133939743042,0.0
2016-06-23,10.592011451721191,0.0
2016-06-24,9.940057754516602,0.0
2016-06-27,9.484583854675293,0.0
2016-06-28,9.582823753356934,0.0
2016-06-29,10.029366493225098,0.0
2016-06-30,10.1365385055542,0.0
2016-07-01,10.25263786315918,0.0
2016-07-05,10.03829574584961,0.0
2016-07-06,10.029366493225098,0.0
2016-07-07,10.145468711853027,0.0
2016-07-08,10.42232608795166,0.0
2016-07-11,10.583080291748047,0.0
2016-07-12,10.833146095275879,0.0
2016-07-13,10.94924545288086,0.0
2016-07-14,11.011762619018555,0.0
2016-07-15,10.984971046447754,0.0
2016-07-18,11.110002517700195,0.0
2016-07-19,11.163589477539062,0.0
2016-07-20,11.145726203918457,0.0
2016-07-21,11.0742769241333,0.0
2016-07-22,11.270756721496582,0.0
2016-07-25,11.26182746887207,0.0
2016-07-26,11.431513786315918,0.0
2016-07-27,11.377927780151367,0.0
2016-07-28,11.413650512695312,0.0
2016-07-29,11.583338737487793,0.0
2016-08-01,11.485099792480469,0.0
2016-08-02,11.324342727661133,0.0
2016-08-03,11.30648136138916,0.0
2016-08-04,11.377927780151367,0.0
2016-08-05,11.458306312561035,0.0
2016-08-08,11.467235565185547,0.0
2016-08-09,11.895916938781738,0.0
2016-08-10,11.744093894958496,0.0
2016-08-11,11.95843505859375,0.0
2016-08-12,12.065603256225586,0.0
2016-08-15,12.190637588500977,0.0
2016-08-16,12.217430114746094,0.0
2016-08-17,12.288875579833984,0.0
2016-08-18,12.279945373535156,0.0
2016-08-19,12.271016120910645,0.0
2016-08-22,12.342460632324219,0.0
2016-08-23,12.369256019592285,0.0
2016-08-24,12.360323905944824,0.0
2016-08-25,12.40497875213623,0.0
2016-08-26,12.485356330871582,0.0
2016-08-29,12.5389404296875,0.0
2016-08-30,12.5121488571167,0.0
2016-08-31,12.556802749633789,0.0
2016-09-01,12.476425170898438,0.0
2016-09-02,12.449630737304688,0.0
2016-09-06,12.288875579833984,0.0
2016-09-07,12.306737899780273,0.0
2016-09-08,12.333531379699707,0.0
2016-09-09,11.931642532348633,0.0
2016-09-12,12.507528305053711,0.0
2016-09-13,12.273575782775879,0.0
2016-09-14,12.336559295654297,0.0
2016-09-15,12.273575782775879,0.0
2016-09-16,12.273575782775879,0.0
2016-09-19,12.255578994750977,0.0
2016-09-20,12.336559295654297,0.0
2016-09-21,12.534523010253906,0.0
2016-09-22,12.72348403930664,0.0
2016-09-23,12.642502784729004,0.0
2016-09-26,12.435542106628418,0.0
2016-09-27,12.561518669128418,0.0
2016-09-28,12.615509033203125,0.0
2016-09-29,12.498529434204102,0.0
2016-09-30,12.579514503479004,0.0
2016-10-03,12.984432220458984,0.0
2016-10-04,12.84946060180664,0.0
2016-10-05,13.155400276184082,0.0
2016-10-06,13.065418243408203,0.0
2016-10-07,12.696490287780762,0.0
2016-10-10,12.52552318572998,0.0
2016-10-11,12.300568580627441,0.0
2016-10-12,12.120604515075684,0.0
2016-10-13,12.18359375,0.0
2016-10-14,12.030621528625488,0.0
2016-10-17,12.039620399475098,0.0
2016-10-18,12.156596183776855,0.0
2016-10-19,12.282572746276855,0.0
2016-10-20,12.156596183776855,0.0
2016-10-21,12.066614151000977,0.0
2016-10-24,11.670695304870605,0.0
2016-10-25,11.38275146484375,0.0
2016-10-26,11.616703033447266,0.0
2016-10-27,10.995827674865723,0.0
2016-10-28,10.950835227966309,1.0
2016-10-31,10.905844688415527,1.0
2016-11-01,10.842855453491211,1.0
2016-11-02,10.65389347076416,1.0
2016-11-03,10.6448974609375,1.0
2016-11-04,10.698887825012207,1.0
2016-11-07,10.995827674865723,1.0
2016-11-08,10.482927322387695,0.0
2016-11-09,10.779870986938477,1.0
2016-11-10,10.752874374389648,0.0
2016-11-11,10.905844688415527,0.0
2016-11-14,10.950835227966309,0.0
2016-11-15,10.806865692138672,0.0
2016-11-16,10.815862655639648,0.0
2016-11-17,10.797868728637695,0.0
2016-11-18,10.680890083312988,0.0
2016-11-21,10.554913520812988,0.0
2016-11-22,10.509922981262207,0.0
2016-11-23,10.617899894714355,0.0
2016-11-25,10.617899894714355,0.0
2016-11-28,10.65389347076416,0.0
2016-11-29,10.383947372436523,0.0
2016-11-30,10.401944160461426,0.0
2016-12-01,10.581908226013184,0.0
2016-12-02,10.491926193237305,0.0
2016-12-05,10.626899719238281,0.0
2016-12-06,10.608901977539062,0.0
2016-12-07,10.6448974609375,0.0
2016-12-08,10.725881576538086,0.0
2016-12-09,10.842855453491211,0.0
2016-12-12,10.806865692138672,0.0
2016-12-13,10.689888000488281,0.0
2016-12-14,10.689888000488281,0.0
2016-12-15,10.5189208984375,0.0
2016-12-16,10.446935653686523,0.0
2016-12-19,10.554913520812988,0.0
2016-12-20,10.482927322387695,0.0
2016-12-21,10.545915603637695,0.0
2016-12-22,10.563912391662598,0.0
2016-12-23,10.554913520812988,0.0
2016-12-27,10.716880798339844,0.0
2016-12-28,10.5189208984375,0.0
2016-12-29,10.491926193237305,0.0
2016-12-30,10.311963081359863,0.0
2017-01-03,10.5189208984375,0.0
2017-01-04,10.680890083312988,0.0
2017-01-05,10.698887825012207,0.0
2017-01-06,10.734878540039062,0.0
2017-01-09,10.797868728637695,0.0
2017-01-10,10.797868728637695,0.0
2017-01-11,10.833860397338867,0.0
2017-01-12,10.815862655639648,0.0
2017-01-13,10.842855453491211,0.0
2017-01-17,11.004825592041016,0.0
2017-01-18,10.923843383789062,0.0
2017-01-19,10.833860397338867,0.0
2017-01-20,10.770872116088867,0.0
2017-01-23,10.761874198913574,0.0
2017-01-24,10.89684772491455,0.0
2017-01-25,11.076810836791992,0.0
2017-01-26,10.995827674865723,0.0
2017-01-27,11.121800422668457,0.0
2017-01-30,11.094806671142578,0.0
2017-01-31,11.058815002441406,0.0
2017-02-01,11.121800422668457,0.0
2017-02-02,10.995827674865723,0.0
2017-02-03,11.040817260742188,0.0
2017-02-06,10.995827674865723,0.0
2017-02-07,10.977831840515137,0.0
2017-02-08,10.941837310791016,0.0
2017-02-09,11.148796081542969,0.0
2017-02-10,11.958637237548828,0.0
2017-02-13,11.769674301147461,0.0
2017-02-14,11.769674301147461,0.0
2017-02-15,11.787670135498047,0.0
2017-02-16,11.742680549621582,0.0
2017-02-17,11.769674301147461,0.0
2017-02-21,11.994629859924316,0.0
2017-02-22,11.958637237548828,0.0
2017-02-23,11.913646697998047,0.0
2017-02-24,11.787670135498047,0.0
2017-02-27,11.751676559448242,0.0
2017-02-28,11.535720825195312,0.0
2017-03-01,11.778672218322754,0.0
2017-03-02,11.553716659545898,0.0
2017-03-03,11.607705116271973,0.0
2017-03-06,11.652695655822754,0.0
2017-03-07,11.39175033569336,0.0
2017-03-08,11.238777160644531,0.0
2017-03-09,11.166793823242188,0.0
2017-03-10,11.139798164367676,0.0
2017-03-13,11.13979721069336,0.0
2017-03-14,11.248656272888184,0.0
2017-03-15,11.430086135864258,0.0
2017-03-16,11.4663724899292,0.0
2017-03-17,11.475443840026855,0.0
2017-03-20,11.457300186157227,0.0
2017-03-21,11.357514381408691,0.0
2017-03-22,11.357514381408691,0.0
2017-03-23,11.384729385375977,0.0
2017-03-24,11.384729385375977,0.0
2017-03-27,11.411942481994629,0.0
2017-03-28,11.647802352905273,0.0
2017-03-29,11.792945861816406,0.0
2017-03-30,12.010663986206055,0.0
2017-03-31,11.792945861816406,0.0
2017-04-03,11.602444648742676,0.0
2017-04-04,11.584303855895996,0.0
2017-04-05,11.457300186157227,0.0
2017-04-06,11.402872085571289,0.0
2017-04-07,11.348442077636719,0.0
2017-04-10,11.366583824157715,0.0
2017-04-11,11.339371681213379,0.0
2017-04-12,11.330297470092773,0.0
2017-04-13,11.185157775878906,0.0
2017-04-17,11.257729530334473,0.0
2017-04-18,11.185157775878906,0.0
2017-04-19,11.275870323181152,0.0
2017-04-20,11.738517761230469,0.0
2017-04-21,11.693158149719238,0.0
2017-04-24,11.829231262207031,0.0
2017-04-25,11.856446266174316,0.0
2017-04-26,11.738517761230469,0.0
2017-04-27,11.756659507751465,0.0
2017-04-28,11.538946151733398,0.0
2017-05-01,11.557089805603027,0.0
2017-05-02,11.448230743408203,0.0
2017-05-03,11.402872085571289,0.0
2017-05-04,11.402872085571289,0.0
2017-05-05,11.511731147766113,0.0
2017-05-08,11.602444648742676,0.0
2017-05-09,11.89273452758789,0.0
2017-05-10,11.529871940612793,0.0
2017-05-11,11.502659797668457,0.0
2017-05-12,11.529871940612793,0.0
2017-05-15,11.693158149719238,0.0
2017-05-16,11.729445457458496,0.0
2017-05-17,11.484516143798828,0.0
2017-05-18,11.520801544189453,0.0
2017-05-19,11.629661560058594,0.0
2017-05-22,11.901806831359863,0.0
2017-05-23,11.9290189743042,0.0
2017-05-24,11.992520332336426,0.0
2017-05-25,11.98344898223877,0.0
2017-05-26,12.1739501953125,0.0
2017-05-30,12.056020736694336,0.0
2017-05-31,12.137661933898926,0.0
2017-06-01,12.310020446777344,0.0
2017-06-02,12.31909465789795,0.0
2017-06-05,12.192091941833496,0.0
2017-06-06,12.228376388549805,0.0
2017-06-07,12.119519233703613,0.0
2017-06-08,12.255590438842773,0.0
2017-06-09,12.38259506225586,0.0
2017-06-12,12.400736808776855,0.0
2017-06-13,12.300951957702637,0.0
2017-06-14,12.31909465789795,0.0
2017-06-15,12.346306800842285,0.0
2017-06-16,12.455164909362793,0.0
2017-06-19,12.500523567199707,0.0
2017-06-20,12.237448692321777,0.0
2017-06-21,12.273736000061035,0.0
2017-06-22,12.201162338256836,0.0
2017-06-23,12.328164100646973,0.0
2017-06-26,12.391666412353516,0.0
2017-06-27,12.391666412353516,0.0
2017-06-28,12.56402587890625,0.0
2017-06-29,12.337236404418945,0.0
2017-06-30,12.42795181274414,0.0
2017-07-03,12.600308418273926,0.0
2017-07-05,12.455164909362793,0.0
2017-07-06,12.010663986206055,0.0
2017-07-07,12.083232879638672,0.0
2017-07-10,11.9290189743042,0.0
2017-07-11,12.037878036499023,0.0
2017-07-12,11.974376678466797,0.0
2017-07-13,12.001591682434082,0.0
2017-07-14,12.310020446777344,0.0
2017-07-17,12.409808158874512,0.0
2017-07-18,12.364450454711914,0.0
2017-07-19,12.636595726013184,0.0
2017-07-20,12.663810729980469,0.0
2017-07-21,12.636595726013184,0.0
2017-07-24,12.681952476501465,0.0
2017-07-25,12.808954238891602,0.0
2017-07-26,12.908740997314453,0.0
2017-07-27,12.945028305053711,0.0
2017-07-28,13.053882598876953,0.0
2017-07-31,12.981310844421387,0.0
2017-08-01,13.090168952941895,0.0
2017-08-02,12.945028305053711,0.0
2017-08-03,12.926884651184082,0.0
2017-08-04,12.808954238891602,0.0
2017-08-07,13.008528709411621,0.0
2017-08-08,12.917813301086426,0.0
2017-08-09,12.854312896728516,0.0
2017-08-10,12.409808158874512,0.0
2017-08-11,12.18302059173584,0.0
2017-08-14,12.12859058380127,0.0
2017-08-15,12.074163436889648,0.0
2017-08-16,12.019734382629395,0.0
2017-08-17,12.001591682434082,0.0
2017-08-18,12.037878036499023,0.0
2017-08-21,12.074163436889648,0.0
2017-08-22,12.146733283996582,0.0
2017-08-23,11.956233978271484,0.0
2017-08-24,11.974376678466797,0.0
2017-08-25,12.1739501953125,0.0
2017-08-28,12.18302059173584,0.0
2017-08-29,12.119519233703613,0.0
2017-08-30,12.065091133117676,0.0
2017-08-31,12.12859058380127,0.0
2017-09-01,12.201162338256836,0.0
2017-09-05,12.04694938659668,0.0
2017-09-06,12.146733283996582,0.0
2017-09-07,12.273736000061035,0.0
2017-09-08,11.91994857788086,0.0
2017-09-11,12.101377487182617,0.0
2017-09-12,12.119658470153809,0.0
2017-09-13,11.882017135620117,0.0
2017-09-14,11.927717208862305,0.0
2017-09-15,11.964278221130371,0.0
2017-09-18,11.964278221130371,0.0
2017-09-19,11.927717208862305,0.0
2017-09-20,12.037397384643555,0.0
2017-09-21,11.955137252807617,0.0
2017-09-22,11.909435272216797,0.0
2017-09-25,12.064817428588867,0.0
2017-09-26,11.982559204101562,0.0
2017-09-27,12.119658470153809,0.0
2017-09-28,12.119658470153809,0.0
2017-09-29,12.119658470153809,0.0
2017-10-02,12.137938499450684,0.0
2017-10-03,12.220196723937988,0.0
2017-10-04,12.21105670928955,0.0
2017-10-05,12.275035858154297,0.0
2017-10-06,12.147078514099121,0.0
2017-10-09,12.046538352966309,0.0
2017-10-10,12.339017868041992,0.0
2017-10-11,12.320735931396484,0.0
2017-10-12,12.375577926635742,0.0
2017-10-13,12.503538131713867,0.0
2017-10-16,12.503538131713867,0.0
2017-10-17,12.448698997497559,0.0
2017-10-18,12.549237251281738,0.0
2017-10-19,12.448698997497559,0.0
2017-10-20,12.530956268310547,0.0
2017-10-23,12.567517280578613,0.0
2017-10-24,12.457837104797363,0.0
2017-10-25,12.485259056091309,0.0
2017-10-26,12.503538131713867,0.0
2017-10-27,12.512678146362305,0.0
2017-10-30,12.622359275817871,0.0
2017-10-31,12.485259056091309,0.0
2017-11-01,12.530956268310547,0.0
2017-11-02,12.613221168518066,0.0
2017-11-03,12.677196502685547,0.0
2017-11-06,13.0519380569458,0.0
2017-11-07,12.933116912841797,0.0
2017-11-08,12.923979759216309,0.0
2017-11-09,13.125056266784668,0.0
2017-11-10,13.801421165466309,0.0
2017-11-13,13.92024040222168,0.0
2017-11-14,13.956798553466797,0.0
2017-11-15,13.883679389953613,0.0
2017-11-16,14.368099212646484,0.0
2017-11-17,14.47778034210205,0.0
2017-11-20,14.322400093078613,0.0
2017-11-21,14.432079315185547,0.0
2017-11-22,14.413801193237305,0.0
2017-11-24,14.413801193237305,0.0
2017-11-27,14.386380195617676,0.0
2017-11-28,14.76112174987793,0.0
2017-11-29,14.943921089172363,0.0
2017-11-30,14.77026081085205,0.0
2017-12-01,14.806819915771484,0.0
2017-12-04,15.117584228515625,0.0
2017-12-05,14.989620208740234,0.0
2017-12-06,14.980481147766113,0.0
2017-12-07,14.953062057495117,0.0
2017-12-08,15.126720428466797,0.0
2017-12-11,15.163281440734863,0.0
2017-12-12,14.825100898742676,0.0
2017-12-13,14.879941940307617,0.0
2017-12-14,14.825100898742676,0.0
2017-12-15,14.642302513122559,0.0
2017-12-18,14.925640106201172,0.0
2017-12-19,14.870800018310547,0.0
2017-12-20,14.843379974365234,0.0
2017-12-21,14.934782028198242,0.0
2017-12-22,15.007901191711426,0.0
2017-12-26,14.90736198425293,0.0
2017-12-27,14.852521896362305,0.0
2017-12-28,14.925640106201172,0.0
2017-12-29,14.815961837768555,0.0
2018-01-02,15.017044067382812,0.0
2018-01-03,15.071881294250488,0.0
2018-01-04,15.163281440734863,0.0
2018-01-05,15.35522174835205,0.0
2018-01-08,15.382640838623047,0.0
2018-01-09,15.42834186553955,0.0
2018-01-10,15.400920867919922,0.0
2018-01-11,15.6111421585083,0.0
2018-01-12,15.675121307373047,0.0
2018-01-16,15.510600090026855,0.0
2018-01-17,15.729962348937988,0.0
2018-01-18,15.547162055969238,0.0
2018-01-19,15.739105224609375,0.0
2018-01-22,15.702542304992676,0.0
2018-01-23,15.602002143859863,0.0
2018-01-24,15.620281219482422,0.0
2018-01-25,15.574581146240234,0.0
2018-01-26,15.665982246398926,0.0
2018-01-29,15.59286117553711,0.0
2018-01-30,15.583724021911621,0.0
2018-01-31,15.638562202453613,0.0
2018-02-01,15.37350082397461,0.0
2018-02-02,14.998763084411621,0.0
2018-02-05,14.46863842010498,0.0
2018-02-06,14.889080047607422,1.0
2018-02-07,14.678858757019043,0.0
2018-02-08,14.304121017456055,0.0
2018-02-09,14.413801193237305,0.0
2018-02-12,14.395519256591797,0.0
2018-02-13,14.825100898742676,0.0
2018-02-14,14.934782028198242,0.0
2018-02-15,14.962202072143555,0.0
2018-02-16,14.861661911010742,0.0
2018-02-20,14.578319549560547,0.0
2018-02-21,14.633161544799805,0.0
2018-02-22,14.825100898742676,0.0
2018-02-23,15.081019401550293,0.0
2018-02-26,15.208980560302734,0.0
2018-02-27,14.97134017944336,0.0
2018-02-28,14.742841720581055,0.0
2018-03-01,14.395519256591797,0.0
2018-03-02,14.505200386047363,0.0
2018-03-05,14.76112174987793,0.0
2018-03-06,15.007901191711426,0.0
2018-03-07,14.898221015930176,0.0
2018-03-08,14.825100898742676,0.0
2018-03-09,15.053601264953613,0.0
2018-03-12,15.126720428466797,0.0
2018-03-13,15.0531587600708,0.0
2018-03-14,15.016372680664062,0.0
2018-03-15,15.099133491516113,0.0
2018-03-16,15.264657020568848,0.0
2018-03-19,15.025569915771484,0.0
2018-03-20,15.043963432312012,0.0
2018-03-21,15.181896209716797,0.0
2018-03-22,14.961199760437012,0.0
2018-03-23,14.308316230773926,0.0
2018-03-26,14.418663024902344,0.0
2018-03-27,14.326706886291504,0.0
2018-03-28,14.188772201538086,0.0
2018-03-29,14.529007911682129,0.0
2018-04-02,14.170380592346191,0.0
2018-04-03,14.381880760192871,0.0
2018-04-04,14.510618209838867,0.0
2018-04-05,14.483030319213867,0.0
2018-04-06,14.253142356872559,0.0
2018-04-09,14.391075134277344,0.0
2018-04-10,14.66694164276123,0.0
2018-04-11,14.529007911682129,0.0
2018-04-12,14.630159378051758,0.0
2018-04-13,14.455443382263184,0.0
2018-04-16,14.66694164276123,0.0
2018-04-17,14.804876327514648,0.0
2018-04-18,14.740509033203125,0.0
2018-04-19,14.887636184692383,0.0
2018-04-20,14.869246482849121,0.0
2018-04-23,14.87844181060791,0.0
2018-04-24,14.620966911315918,0.0
2018-04-25,14.602575302124023,0.0
2018-04-26,14.685333251953125,0.0
2018-04-27,14.72211742401123,0.0
2018-04-30,14.694528579711914,0.0
2018-05-01,14.72211742401123,0.0
2018-05-02,14.446249961853027,0.0
2018-05-03,14.602575302124023,0.0
2018-05-04,14.841658592224121,0.0
2018-05-07,15.071547508239746,0.0
2018-05-08,15.0531587600708,0.0
2018-05-09,15.181896209716797,0.0
2018-05-10,15.255460739135742,0.0
2018-05-11,13.958885192871094,0.0
2018-05-14,14.547402381896973,0.0
2018-05-15,14.51981258392334,0.0
2018-05-16,14.611769676208496,0.0
2018-05-17,14.473835945129395,0.0
2018-05-18,14.37268352508545,0.0
2018-05-21,14.437053680419922,0.0
2018-05-22,14.354291915893555,0.0
2018-05-23,14.234749794006348,0.0
2018-05-24,14.271533012390137,0.0
2018-05-25,14.326706886291504,0.0
2018-05-29,13.866928100585938,0.0
2018-05-30,14.161186218261719,0.0
2018-05-31,13.82094955444336,0.0
2018-06-01,13.986472129821777,0.0
2018-06-04,14.060036659240723,0.0
2018-06-05,14.36348819732666,0.0
2018-06-06,14.437053680419922,0.0
2018-06-07,14.40027141571045,0.0
2018-06-08,14.547402381896973,0.0
2018-06-11,14.593378067016602,0.0
2018-06-12,14.712920188903809,0.0
2018-06-13,14.574989318847656,0.0
2018-06-14,14.731313705444336,0.0
2018-06-15,14.694528579711914,0.0
2018-06-18,14.76809310913086,0.0
2018-06-19,14.66694164276123,0.0
2018-06-20,14.72211742401123,0.0
2018-06-21,14.51981258392334,0.0
2018-06-22,14.547402381896973,0.0
2018-06-25,14.289924621582031,0.0
2018-06-26,14.271533012390137,0.0
2018-06-27,14.197967529296875,0.0
2018-06-28,14.28072738647461,0.0
2018-06-29,14.253142356872559,0.0
2018-07-02,13.93129825592041,0.0
2018-07-03,14.0508394241333,0.0
2018-07-05,14.0508394241333,0.0
2018-07-06,14.161186218261719,0.0
2018-07-09,14.253142356872559,0.0
2018-07-10,14.501423835754395,0.0
2018-07-11,14.299118041992188,0.0
2018-07-12,14.308316230773926,0.0
2018-07-13,14.335902214050293,0.0
2018-07-16,14.170380592346191,0.0
2018-07-17,14.142797470092773,0.0
2018-07-18,14.299118041992188,0.0
2018-07-19,14.243947982788086,0.0
2018-07-20,14.0508394241333,0.0
2018-07-23,14.041644096374512,0.0
2018-07-24,13.839340209960938,0.0
2018-07-25,13.949687957763672,0.0
2018-07-26,13.87612533569336,0.0
2018-07-27,13.692212104797363,0.0
2018-07-30,13.747385025024414,0.0
2018-07-31,13.857732772827148,0.0
2018-08-01,13.857732772827148,0.0
2018-08-02,13.802557945251465,0.0
2018-08-03,13.866928100585938,0.0
2018-08-06,13.903709411621094,0.0
2018-08-07,13.922102928161621,0.0
2018-08-08,13.922102928161621,0.0
2018-08-09,14.032448768615723,0.0
2018-08-10,12.13815975189209,0.0
2018-08-13,12.487590789794922,1.0
2018-08-14,12.588743209838867,1.0
2018-08-15,12.570352554321289,0.0
2018-08-16,12.781848907470703,1.0
2018-08-17,12.781848907470703,0.0
2018-08-20,12.4783935546875,0.0
2018-08-21,12.4783935546875,0.0
2018-08-22,12.551959037780762,0.0
2018-08-23,12.331267356872559,0.0
2018-08-24,12.322071075439453,0.0
2018-08-27,12.184136390686035,0.0
2018-08-28,12.147355079650879,1.0
2018-08-29,12.266898155212402,1.0
2018-08-30,12.1565523147583,0.0
2018-08-31,12.01861572265625,0.0
2018-09-04,11.880684852600098,1.0
2018-09-05,11.843903541564941,1.0
2018-09-06,11.678380012512207,1.0
2018-09-07,11.641597747802734,1.0
2018-09-10,11.604814529418945,1.0
2018-09-11,11.614086151123047,1.0
2018-09-12,11.456511497497559,1.0
2018-09-13,11.586278915405273,1.0
2018-09-14,11.530664443969727,1.0
2018-09-17,11.373091697692871,1.0
2018-09-18,11.512125015258789,1.0
2018-09-19,11.604815483093262,1.0
2018-09-20,11.697507858276367,0.0
2018-09-21,11.87362003326416,0.0
2018-09-24,11.81800365447998,0.0
2018-09-25,11.966307640075684,0.0
2018-09-26,11.910694122314453,0.0
2018-09-27,11.938502311706543,0.0
2018-09-28,12.225841522216797,0.0
2018-10-01,12.142419815063477,0.0
2018-10-02,12.114614486694336,0.0
2018-10-03,12.401954650878906,0.0
2018-10-04,12.355606079101562,0.0
2018-10-05,12.31853199005127,0.0
2018-10-08,12.346339225769043,0.0
2018-10-09,12.494643211364746,0.0
2018-10-10,11.83654499053955,0.0
2018-10-11,11.771660804748535,0.0
2018-10-12,11.88288688659668,0.0
2018-10-15,12.040459632873535,0.0
2018-10-16,12.179495811462402,0.0
2018-10-17,12.244379997253418,0.0
2018-10-18,12.179495811462402,0.0
2018-10-19,12.170225143432617,0.0
2018-10-22,12.225841522216797,0.0
2018-10-23,12.133151054382324,0.0
2018-10-24,11.910694122314453,0.0
2018-10-25,11.919962882995605,0.0
2018-10-26,11.743850708007812,0.0
2018-10-29,11.558472633361816,0.0
2018-10-30,11.88288688659668,0.0
2018-10-31,12.225841522216797,0.0
2018-11-01,12.170225143432617,0.0
2018-11-02,12.20730209350586,0.0
2018-11-05,12.19803524017334,0.0
2018-11-06,12.299992561340332,0.0
2018-11-07,12.448297500610352,0.0
2018-11-08,13.106398582458496,0.0
2018-11-09,13.199090003967285,0.0
2018-11-12,12.689291000366211,0.0
2018-11-13,12.661484718322754,0.0
2018-11-14,12.800520896911621,0.0
2018-11-15,12.578063011169434,0.0
2018-11-16,12.578063011169434,0.0
2018-11-19,12.327803611755371,0.0
2018-11-20,11.678967475891113,0.0
2018-11-21,11.669700622558594,0.0
2018-11-23,11.688238143920898,0.0
2018-11-26,12.077534675598145,0.0
2018-11-27,11.929231643676758,0.0
2018-11-28,12.170225143432617,0.0
2018-11-29,12.244379997253418,0.0
2018-11-30,12.031189918518066,0.0
2018-12-03,12.327803611755371,0.0
2018-12-04,11.947771072387695,0.0
2018-12-06,11.558472633361816,0.0
2018-12-07,11.456511497497559,0.0
2018-12-10,11.614086151123047,0.0
2018-12-11,11.549203872680664,0.0
2018-12-12,11.799466133117676,0.0
2018-12-13,11.678967475891113,0.0
2018-12-14,11.354554176330566,0.0
2018-12-17,11.18770980834961,0.0
2018-12-18,11.095020294189453,0.0
2018-12-19,10.974522590637207,0.0
2018-12-20,10.511072158813477,0.0
2018-12-21,10.233001708984375,1.0
2018-12-24,10.075428009033203,1.0
2018-12-26,10.36276626586914,1.0
2018-12-27,10.390572547912598,0.0
2018-12-28,10.427650451660156,0.0
2018-12-31,10.520343780517578,0.0
2019-01-02,10.557416915893555,0.0
2019-01-03,10.455458641052246,0.0
2019-01-04,10.909639358520508,0.0
2019-01-07,11.104288101196289,0.0
2019-01-08,11.271130561828613,0.0
2019-01-09,11.317477226257324,0.0
2019-01-10,11.28966999053955,0.0
2019-01-11,11.345283508300781,0.0
2019-01-14,11.391630172729492,0.0
2019-01-15,11.475050926208496,0.0
2019-01-16,11.475050926208496,0.0
2019-01-17,11.530664443969727,0.0
2019-01-18,11.604815483093262,0.0
2019-01-22,11.447244644165039,0.0
2019-01-23,11.280399322509766,0.0
2019-01-24,11.530664443969727,0.0
2019-01-25,11.762391090393066,0.0
2019-01-28,11.70677661895752,0.0
2019-01-29,11.790196418762207,0.0
2019-01-30,11.743850708007812,0.0
2019-01-31,11.892155647277832,0.0
2019-02-01,11.808734893798828,0.0
2019-02-04,11.929231643676758,0.0
2019-02-05,12.031189918518066,0.0
2019-02-06,11.975578308105469,0.0
2019-02-07,11.780927658081055,0.0
2019-02-08,11.549203872680664,0.0
2019-02-11,11.326744079589844,0.0
2019-02-12,11.493587493896484,0.0
2019-02-13,11.530664443969727,0.0
2019-02-14,11.586278915405273,0.0
2019-02-15,11.81800365447998,0.0
2019-02-19,11.827272415161133,0.0
2019-02-20,11.938502311706543,0.0
2019-02-21,11.864348411560059,0.0
2019-02-22,12.031189918518066,0.0
2019-02-25,12.068266868591309,0.0
2019-02-26,12.068266868591309,0.0
2019-02-27,12.086806297302246,0.0
2019-02-28,12.068266868591309,0.0
2019-03-01,12.281455039978027,0.0
2019-03-04,12.272186279296875,0.0
2019-03-05,12.216572761535645,0.0
2019-03-06,12.160959243774414,0.0
2019-03-07,11.957037925720215,0.0
2019-03-08,11.864348411560059,0.0
2019-03-11,12.086806297302246,0.0
2019-03-12,12.021421432495117,0.0
2019-03-13,11.899991035461426,0.0
2019-03-14,11.806586265563965,0.0
2019-03-15,11.806586265563965,0.0
2019-03-18,11.787906646728516,0.0
2019-03-19,11.713180541992188,0.0
2019-03-20,11.769224166870117,0.0
2019-03-21,12.002739906311035,0.0
2019-03-22,11.797245025634766,0.0
2019-03-25,11.73186206817627,0.0
2019-03-26,11.601091384887695,0.0
2019-03-27,11.498345375061035,0.0
2019-03-28,11.563729286193848,0.0
2019-03-29,11.619772911071777,0.0
2019-04-01,11.694498062133789,0.0
2019-04-02,11.619772911071777,0.0
2019-04-03,11.666476249694824,0.0
2019-04-04,11.675816535949707,0.0
2019-04-05,11.72252082824707,0.0
2019-04-08,11.694498062133789,0.0
2019-04-09,11.694498062133789,0.0
2019-04-10,11.815925598144531,0.0
2019-04-11,11.713180541992188,0.0
2019-04-12,11.815925598144531,0.0
2019-04-15,11.713180541992188,0.0
2019-04-16,11.834606170654297,0.0
2019-04-17,11.759882926940918,0.0
2019-04-18,11.694498062133789,0.0
2019-04-22,11.619772911071777,0.0
2019-04-23,11.675816535949707,0.0
2019-04-24,11.68515682220459,0.0
2019-04-25,11.535709381103516,0.0
2019-04-26,11.638453483581543,0.0
2019-04-29,11.619772911071777,0.0
2019-04-30,11.601091384887695,0.0
2019-05-01,11.554388999938965,0.0
2019-05-02,11.451643943786621,0.0
2019-05-03,11.526368141174316,0.0
2019-05-06,11.23680591583252,0.0
2019-05-07,10.807135581970215,0.0
2019-05-08,10.66702651977539,1.0
2019-05-09,10.67636775970459,1.0
2019-05-10,11.115376472473145,1.0
2019-05-13,10.704389572143555,0.0
2019-05-14,10.7604341506958,0.0
2019-05-15,10.807135581970215,0.0
2019-05-16,10.769773483276367,0.0
2019-05-17,10.657684326171875,0.0
2019-05-20,10.825818061828613,0.0
2019-05-21,11.021971702575684,0.0
2019-05-22,10.984609603881836,0.0
2019-05-23,11.012630462646484,0.0
2019-05-24,11.003290176391602,0.0
2019-05-28,11.003290176391602,0.0
2019-05-29,10.844498634338379,0.0
2019-05-30,10.695048332214355,0.0
2019-05-31,10.639004707336426,0.0
2019-06-03,10.66702651977539,0.0
2019-06-04,10.81647777557373,0.0
2019-06-05,10.853838920593262,0.0
2019-06-06,10.835159301757812,0.0
2019-06-07,10.947246551513672,0.0
2019-06-10,10.993950843811035,0.0
2019-06-11,11.021971702575684,0.0
2019-06-12,10.965927124023438,0.0
2019-06-13,11.012630462646484,0.0
2019-06-14,11.049991607666016,0.0
2019-06-17,11.432960510253906,0.0
2019-06-18,12.0401029586792,0.0
2019-06-19,12.488454818725586,0.0
2019-06-20,12.66592788696289,0.0
2019-06-21,12.637904167175293,0.0
2019-06-24,12.441749572753906,0.0
2019-06-25,12.376367568969727,0.0
2019-06-26,12.42307186126709,0.0
2019-06-27,12.544498443603516,0.0
2019-06-28,12.600543022155762,0.0
2019-07-01,12.703289985656738,0.0
2019-07-02,12.61922550201416,0.0
2019-07-03,12.563179016113281,0.0
2019-07-05,12.57252025604248,0.0
2019-07-08,12.413728713989258,0.0
2019-07-09,12.42307186126709,0.0
2019-07-10,12.42307186126709,0.0
2019-07-11,12.348344802856445,0.0
2019-07-12,12.432409286499023,0.0
2019-07-15,12.479111671447754,0.0
2019-07-16,12.684608459472656,0.0
2019-07-17,12.348344802856445,0.0
2019-07-18,12.404388427734375,0.0
2019-07-19,12.273618698120117,0.0
2019-07-22,12.38570785522461,0.0
2019-07-23,12.497796058654785,0.0
2019-07-24,12.67526626586914,0.0
2019-07-25,12.488454818725586,0.0
2019-07-26,12.544498443603516,0.0
2019-07-29,12.497796058654785,0.0
2019-07-30,12.497796058654785,0.0
2019-07-31,12.292301177978516,0.0
2019-08-01,12.170870780944824,0.0
2019-08-02,12.124167442321777,0.0
2019-08-05,11.918673515319824,0.0
2019-08-06,12.049444198608398,0.0
2019-08-07,11.946696281433105,0.0
2019-08-08,12.170870780944824,0.0
2019-08-09,12.796693801879883,0.0
2019-08-12,13.104936599731445,0.0
2019-08-13,13.114277839660645,0.0
2019-08-14,12.497796058654785,0.0
2019-08-15,12.749992370605469,0.0
2019-08-16,12.852740287780762,0.0
2019-08-19,13.067573547363281,0.0
2019-08-20,13.002190589904785,0.0
2019-08-21,13.170321464538574,0.0
2019-08-22,13.217024803161621,0.0
2019-08-23,12.647246360778809,0.0
2019-08-26,12.759331703186035,0.0
2019-08-27,12.61922550201416,0.0
2019-08-28,12.815378189086914,0.0
2019-08-29,12.890104293823242,0.0
2019-08-30,12.843399047851562,0.0
2019-09-03,12.656584739685059,0.0
2019-09-04,12.974169731140137,0.0
2019-09-05,13.076916694641113,0.0
2019-09-06,13.179662704467773,0.0
2019-09-09,13.422518730163574,0.0
2019-09-10,13.648266792297363,0.0
2019-09-11,13.685890197753906,0.0
2019-09-12,13.563611030578613,0.0
2019-09-13,13.685890197753906,0.0
2019-09-16,13.243802070617676,0.0
2019-09-17,13.403706550598145,0.0
2019-09-18,13.394301414489746,0.0
2019-09-19,13.1215238571167,0.0
2019-09-20,13.112116813659668,0.0
2019-09-23,13.177961349487305,0.0
2019-09-24,13.102712631225586,0.0
2019-09-25,13.206178665161133,0.0
2019-09-26,13.102712631225586,0.0
2019-09-27,13.03686809539795,0.0
2019-09-30,13.093305587768555,0.0
2019-10-01,13.055680274963379,0.0
2019-10-02,12.933402061462402,0.0
2019-10-03,12.876965522766113,0.0
2019-10-04,13.03686809539795,0.0
2019-10-07,12.895776748657227,0.0
2019-10-08,12.199726104736328,0.0
2019-10-09,12.303193092346191,0.0
2019-10-10,12.397254943847656,0.0
2019-10-11,12.698248863220215,0.0
2019-10-14,12.726466178894043,0.0
2019-10-15,12.623000144958496,0.0
2019-10-16,12.848747253417969,0.0
2019-10-17,12.858154296875,0.0
2019-10-18,12.67003059387207,0.0
2019-10-21,12.83934211730957,0.0
2019-10-22,13.018057823181152,0.0
2019-10-23,13.02746295928955,0.0
2019-10-24,12.989838600158691,0.0
2019-10-25,12.980433464050293,0.0
2019-10-28,13.065086364746094,0.0
2019-10-29,13.13093090057373,0.0
2019-10-30,12.829934120178223,0.0
2019-10-31,12.895776748657227,0.0
2019-11-01,12.942808151245117,0.0
2019-11-04,12.989838600158691,0.0
2019-11-05,12.933402061462402,0.0
2019-11-06,12.745279312133789,0.0
2019-11-07,12.528939247131348,0.0
2019-11-08,12.13388442993164,0.0
2019-11-11,12.369035720825195,0.0
2019-11-12,12.340818405151367,0.0
2019-11-13,12.33141040802002,0.0
2019-11-14,12.143288612365723,0.0
2019-11-15,12.218537330627441,0.0
2019-11-18,12.12447738647461,0.0
2019-11-19,12.115071296691895,0.0
2019-11-20,11.973979949951172,0.0
2019-11-21,11.823481559753418,0.0
2019-11-22,11.95516586303711,1.0
2019-11-25,12.096257209777832,0.0
2019-11-26,12.265569686889648,0.0
2019-11-27,12.29378604888916,0.0
2019-11-29,12.115071296691895,0.0
2019-12-02,12.115071296691895,0.0
2019-12-03,11.91754150390625,0.0
2019-12-04,12.077446937561035,0.0
2019-12-05,12.22794246673584,0.0
2019-12-06,12.425474166870117,0.0
2019-12-09,12.444283485412598,0.0
2019-12-10,12.425474166870117,0.0
2019-12-11,12.519533157348633,0.0
2019-12-12,12.971027374267578,0.0
2019-12-13,12.782904624938965,0.0
2019-12-16,12.914589881896973,0.0
2019-12-17,12.971027374267578,0.0
2019-12-18,13.224991798400879,0.0
2019-12-19,13.093305587768555,0.0
2019-12-20,13.1215238571167,0.0
2019-12-23,13.16855525970459,0.0
2019-12-24,13.149744033813477,0.0
2019-12-26,13.328459739685059,0.0
2019-12-27,13.309645652770996,0.0
2019-12-30,13.234397888183594,0.0
2019-12-31,13.300240516662598,0.0
2020-01-02,13.582423210144043,0.0
2020-01-03,13.544797897338867,0.0
2020-01-06,13.50717544555664,0.0
2020-01-07,13.638862609863281,0.0
2020-01-08,13.676484107971191,0.0
2020-01-09,13.573019981384277,0.0
2020-01-10,13.49776840209961,0.0
2020-01-13,13.704703330993652,0.0
2020-01-14,13.7987642288208,0.0
2020-01-15,13.911636352539062,0.0
2020-01-16,14.024511337280273,0.0
2020-01-17,14.024511337280273,0.0
2020-01-21,13.62945556640625,0.0
2020-01-22,13.591829299926758,0.0
2020-01-23,13.49776840209961,0.0
2020-01-24,13.112116813659668,0.0
2020-01-27,12.848747253417969,0.0
2020-01-28,12.707655906677246,0.0
2020-01-29,12.575969696044922,0.0
2020-01-30,12.83934211730957,0.0
2020-01-31,12.81112289428711,0.0
2020-02-03,12.829934120178223,0.0
2020-02-04,12.989838600158691,0.0
2020-02-05,13.253210067749023,0.0
2020-02-06,13.610642433166504,0.0
2020-02-07,13.347270965576172,0.0
2020-02-10,12.942808151245117,0.0
2020-02-11,13.290834426879883,0.0
2020-02-12,13.582423210144043,0.0
2020-02-13,13.544797897338867,0.0
2020-02-14,13.732922554016113,0.0
2020-02-18,13.638862609863281,0.0
2020-02-19,13.742327690124512,0.0
2020-02-20,13.685890197753906,0.0
2020-02-21,13.488361358642578,0.0
2020-02-24,12.801715850830078,0.0
2020-02-25,12.096257209777832,0.0
2020-02-26,11.597734451293945,0.0
2020-02-27,11.221490859985352,1.0
2020-02-28,11.362580299377441,1.0
2020-03-02,11.69179630279541,1.0
2020-03-03,11.136834144592285,0.0
2020-03-04,11.070993423461914,1.0
2020-03-05,10.412564277648926,1.0
2020-03-06,10.365534782409668,1.0
2020-03-09,9.537796020507812,1.0
2020-03-10,10.259780883789062,1.0
2020-03-11,9.585294723510742,0.0
2020-03-12,8.758813858032227,1.0
2020-03-13,9.94628620147705,1.0
2020-03-16,9.632794380187988,0.0
2020-03-17,10.33577823638916,0.0
2020-03-18,9.385797500610352,0.0
2020-03-19,9.186304092407227,0.0
2020-03-20,8.568817138671875,0.0
2020-03-23,7.818332672119141,0.0
2020-03-24,8.245823860168457,1.0
2020-03-25,8.283821105957031,0.0
2020-03-26,8.701814651489258,0.0
2020-03-27,8.103326797485352,0.0
2020-03-30,8.37882137298584,0.0
2020-03-31,8.530817031860352,0.0
2020-04-01,8.20782470703125,0.0
2020-04-02,7.789834022521973,0.0
2020-04-03,7.770833969116211,0.0
2020-04-06,8.483317375183105,0.0
2020-04-07,8.350319862365723,0.0
2020-04-08,8.5023193359375,0.0
2020-04-09,9.015307426452637,0.0
2020-04-13,8.920310974121094,0.0
2020-04-14,8.939308166503906,0.0
2020-04-15,8.483317375183105,0.0
2020-04-16,8.017828941345215,0.0
2020-04-17,8.45482063293457,0.0
2020-04-20,8.331323623657227,0.0
2020-04-21,8.017828941345215,0.0
2020-04-22,8.017828941345215,0.0
2020-04-23,8.245823860168457,0.0
2020-04-24,8.388320922851562,0.0
2020-04-27,8.986807823181152,0.0
2020-04-28,9.319302558898926,0.0
2020-04-29,9.974787712097168,0.0
2020-04-30,9.414299964904785,0.0
2020-05-01,9.005806922912598,0.0
2020-05-04,9.157803535461426,0.0
2020-05-05,9.072306632995605,0.0
2020-05-06,9.186304092407227,0.0
2020-05-07,9.167304039001465,0.0
2020-05-08,10.383278846740723,0.0
2020-05-11,10.16478443145752,0.0
2020-05-12,10.060286521911621,0.0
2020-05-13,10.07928466796875,0.0
2020-05-14,10.193281173706055,0.0
2020-05-15,10.326278686523438,0.0
2020-05-18,10.601773262023926,0.0
2020-05-19,10.54477596282959,0.0
2020-05-20,10.877267837524414,0.0
2020-05-21,10.810768127441406,0.0
2020-05-22,10.943767547607422,0.0
2020-05-26,11.285759925842285,0.0
2020-05-27,11.485255241394043,0.0
2020-05-28,11.285759925842285,0.0
2020-05-29,11.637251853942871,0.0
2020-06-01,11.580252647399902,0.0
2020-06-02,11.637251853942871,0.0
2020-06-03,12.264237403869629,0.0
2020-06-04,12.150239944458008,0.0
2020-06-05,12.311736106872559,0.0
2020-06-08,12.691729545593262,0.0
2020-06-09,12.235739707946777,0.0
2020-06-10,11.770248413085938,0.0
2020-06-11,10.839269638061523,0.0
2020-06-12,11.13376235961914,0.0
2020-06-15,11.200260162353516,0.0
2020-06-16,11.342757225036621,0.0
2020-06-17,11.6847505569458,0.0
2020-06-18,11.333259582519531,0.0
2020-06-19,11.266759872436523,0.0
2020-06-22,11.3617582321167,0.0
2020-06-23,11.399758338928223,0.0
2020-06-24,11.086264610290527,0.0
2020-06-25,11.171761512756348,0.0
2020-06-26,10.905767440795898,0.0
2020-06-29,11.067262649536133,0.0
2020-06-30,11.266759872436523,0.0
2020-07-01,11.475753784179688,0.0
2020-07-02,11.42825698852539,0.0
2020-07-06,11.56125259399414,0.0
2020-07-07,11.399758338928223,0.0
2020-07-08,11.2572603225708,0.0
2020-07-09,11.143261909484863,0.0
2020-07-10,11.3617582321167,0.0
2020-07-13,11.333259582519531,0.0
2020-07-14,11.808248519897461,0.0
2020-07-15,12.017241477966309,0.0
2020-07-16,12.121740341186523,0.0
2020-07-17,12.178739547729492,0.0
2020-07-20,12.02674388885498,0.0
2020-07-21,12.1122407913208,0.0
2020-07-22,12.207239151000977,0.0
2020-07-23,12.083742141723633,0.0
2020-07-24,12.074241638183594,0.0
2020-07-27,12.235739707946777,0.0
2020-07-28,12.074241638183594,0.0
2020-07-29,12.226238250732422,0.0
2020-07-30,12.254739761352539,0.0
2020-07-31,12.083742141723633,0.0
2020-08-03,12.349735260009766,0.0
2020-08-04,12.720230102539062,0.0
2020-08-05,12.625231742858887,0.0
2020-08-06,12.834226608276367,0.0
2020-08-07,13.62270736694336,0.0
2020-08-10,14.097699165344238,0.0
2020-08-11,14.145197868347168,0.0
2020-08-12,14.4111909866333,0.0
2020-08-13,14.525190353393555,0.0
2020-08-14,14.563187599182129,0.0
2020-08-17,14.363694190979004,0.0
2020-08-18,14.420692443847656,0.0
2020-08-19,14.45868968963623,0.0
2020-08-20,14.382692337036133,0.0
2020-08-21,13.879203796386719,0.0
2020-08-24,14.126199722290039,0.0
2020-08-25,14.240196228027344,0.0
2020-08-26,14.24969482421875,0.0
2020-08-27,14.306694984436035,0.0
2020-08-28,14.496688842773438,0.0
2020-08-31,14.363694190979004,0.0
2020-09-01,14.420692443847656,0.0
2020-09-02,14.477689743041992,0.0
2020-09-03,14.44919204711914,0.0
2020-09-04,14.202195167541504,0.0
2020-09-08,13.907703399658203,0.0
2020-09-09,14.363694190979004,0.0
2020-09-10,14.097699165344238,0.0
2020-09-11,14.306694984436035,0.0
2020-09-14,14.544190406799316,0.0
2020-09-15,14.649373054504395,0.0
2020-09-16,14.448564529418945,0.0
2020-09-17,14.544188499450684,0.0
2020-09-18,14.955366134643555,0.0
2020-09-21,13.932205200195312,0.0
2020-09-22,14.094761848449707,0.0
2020-09-23,13.616650581359863,0.0
2020-09-24,13.406282424926758,0.0
2020-09-25,13.482779502868652,0.0
2020-09-28,13.712271690368652,0.0
2020-09-29,13.28197193145752,0.0
2020-09-30,13.406282424926758,0.0
2020-10-01,13.559277534484863,0.0
2020-10-02,13.597526550292969,0.0
2020-10-05,13.712271690368652,0.0
2020-10-06,13.693146705627441,0.0
2020-10-07,13.607085227966309,0.0
2020-10-08,13.807894706726074,0.0
2020-10-09,13.626212120056152,0.0
2020-10-12,13.587964057922363,0.0
2020-10-13,13.683588027954102,0.0
2020-10-14,13.559277534484863,0.0
2020-10-15,13.358469009399414,0.0
2020-10-16,13.444531440734863,0.0
2020-10-19,13.167223930358887,0.0
2020-10-20,13.243722915649414,0.0
2020-10-21,13.339344024658203,0.0
2020-10-22,13.310657501220703,0.0
2020-10-23,13.368032455444336,0.0
2020-10-26,13.052477836608887,0.0
2020-10-27,12.842107772827148,0.0
2020-10-28,12.40224552154541,0.0
2020-10-29,12.516990661621094,1.0
2020-10-30,12.555241584777832,0.0
2020-11-02,12.708236694335938,0.0
2020-11-03,12.909043312072754,0.0
2020-11-04,12.947291374206543,0.0
2020-11-05,13.38715648651123,0.0
2020-11-06,14.496377944946289,0.0
2020-11-09,14.984051704406738,0.0
2020-11-10,15.557788848876953,0.0
2020-11-11,16.447078704833984,0.0
2020-11-12,15.672533988952637,0.0
2020-11-13,16.23670768737793,0.0
2020-11-16,16.62875747680664,0.0
2020-11-17,16.906068801879883,0.0
2020-11-18,16.781755447387695,0.0
2020-11-19,16.781755447387695,0.0
2020-11-20,16.753070831298828,0.0
2020-11-23,17.116436004638672,0.0
2020-11-24,17.374616622924805,0.0
2020-11-25,17.21205711364746,0.0
2020-11-27,16.93475341796875,0.0
2020-11-30,16.877376556396484,0.0
2020-12-01,17.27899742126465,0.0
2020-12-02,17.58498764038086,0.0
2020-12-03,17.75710678100586,0.0
2020-12-04,17.86229133605957,0.0
2020-12-07,17.690170288085938,0.0
2020-12-08,17.575420379638672,0.0
2020-12-09,17.47024154663086,0.0
2020-12-10,17.546737670898438,0.0
2020-12-11,17.17380714416504,0.0
2020-12-14,16.97300148010254,0.0
2020-12-15,17.298118591308594,0.0
2020-12-16,16.99212646484375,0.0
2020-12-17,16.93475341796875,0.0
2020-12-18,16.590513229370117,0.0
2020-12-21,16.877376556396484,0.0
2020-12-22,16.86781883239746,0.0
2020-12-23,16.906068801879883,0.0
2020-12-24,17.03993797302246,0.0
2020-12-28,17.384180068969727,0.0
2020-12-29,17.231182098388672,0.0
2020-12-30,17.24074363708496,0.0
2020-12-31,17.183368682861328,0.0
2021-01-04,17.365055084228516,0.0
2021-01-05,17.479801177978516,0.0
2021-01-06,18.40734100341797,0.0
2021-01-07,17.91966438293457,0.0
2021-01-08,17.814476013183594,0.0
2021-01-11,17.84316635131836,0.0
2021-01-12,17.594547271728516,0.0
2021-01-13,17.479801177978516,0.0
2021-01-14,17.87185287475586,0.0
2021-01-15,17.881420135498047,0.0
2021-01-19,17.929227828979492,0.0
2021-01-20,18.273469924926758,0.0
2021-01-21,18.369089126586914,0.0
2021-01-22,17.75710678100586,0.0
2021-01-25,17.929227828979492,0.0
2021-01-26,18.302154541015625,0.0
2021-01-27,18.7228946685791,0.0
2021-01-28,18.65595817565918,0.0
2021-01-29,18.5507755279541,0.0
2021-02-01,18.522085189819336,0.0
2021-02-02,18.9237060546875,0.0
2021-02-03,18.971511840820312,0.0
2021-02-04,19.411375045776367,0.0
2021-02-05,20.29110336303711,0.0
2021-02-08,20.750089645385742,0.0
2021-02-09,21.209083557128906,0.0
2021-02-10,21.629819869995117,0.0
2021-02-11,22.03143310546875,0.0
2021-02-12,22.68166732788086,0.0
2021-02-16,22.748605728149414,0.0
2021-02-17,22.16530418395996,0.0
2021-02-18,21.658504486083984,0.0
2021-02-19,21.515073776245117,0.0
2021-02-22,22.33742332458496,0.0
2021-02-23,22.40436363220215,0.0
2021-02-24,22.767723083496094,0.0
2021-02-25,22.193992614746094,0.0
2021-02-26,22.423486709594727,0.0
2021-03-01,23.29365348815918,0.0
2021-03-02,22.605167388916016,0.0
2021-03-03,22.748605728149414,0.0
2021-03-04,22.49998664855957,0.0
2021-03-05,23.303213119506836,0.0
2021-03-08,23.178905487060547,0.0
2021-03-09,23.7622013092041,0.0
2021-03-10,24.402873992919922,0.0
2021-03-11,24.603681564331055,0.0
2021-03-12,25.062665939331055,0.0
2021-03-15,24.96704864501953,0.0
2021-03-16,25.41819953918457,0.0
2021-03-17,25.293411254882812,0.0
2021-03-18,26.06133460998535,0.0
2021-03-19,26.205322265625,0.0
2021-03-22,25.63897705078125,0.0
2021-03-23,25.063037872314453,0.0
2021-03-24,24.42950439453125,0.0
2021-03-25,25.159025192260742,0.0
2021-03-26,24.698274612426758,0.0
2021-03-29,24.026342391967773,0.0
2021-03-30,24.659875869750977,0.0
2021-03-31,24.410303115844727,0.0
2021-04-01,25.01504135131836,0.0
2021-04-05,25.360607147216797,0.0
2021-04-06,25.494993209838867,0.0
2021-04-07,25.360607147216797,0.0
2021-04-08,25.648574829101562,0.0
2021-04-09,25.61018180847168,0.0
2021-04-12,25.68697166442871,0.0
2021-04-13,25.09183120727539,0.0
2021-04-14,25.35100555419922,0.0
2021-04-15,25.542987823486328,0.0
2021-04-16,25.62938117980957,0.0
2021-04-19,25.667776107788086,0.0
2021-04-20,25.427797317504883,0.0
2021-04-21,26.224517822265625,0.0
2021-04-22,25.8117618560791,0.0
2021-04-23,25.658172607421875,0.0
2021-04-26,25.59098243713379,0.0
2021-04-27,25.48539161682129,0.0
2021-04-28,25.120630264282227,0.0
2021-04-29,25.45659637451172,0.0
2021-04-30,25.149429321289062,0.0
2021-05-03,25.30301284790039,0.0
2021-05-04,24.48709487915039,0.0
2021-05-05,25.0726375579834,0.0
2021-05-06,24.957447052001953,0.0
2021-05-07,26.33970832824707,0.0
2021-05-10,26.33970832824707,0.0
2021-05-11,26.53168487548828,0.0
2021-05-12,25.09183120727539,0.0
2021-05-13,25.197425842285156,0.0
2021-05-14,25.62938117980957,0.0
2021-05-17,25.830955505371094,0.0
2021-05-18,25.41819953918457,0.0
2021-05-19,24.96704864501953,0.0
2021-05-20,25.965347290039062,0.0
2021-05-21,25.427797317504883,0.0
2021-05-24,25.763761520385742,0.0
2021-05-25,25.57178497314453,0.0
2021-05-26,25.706172943115234,0.0
2021-05-27,26.01333999633789,0.0
2021-05-28,25.907751083374023,0.0
2021-06-01,25.446998596191406,0.0
2021-06-02,24.87105369567871,0.0
2021-06-03,24.851858139038086,0.0
2021-06-04,25.168622970581055,0.0
2021-06-07,24.81346321105957,0.0
2021-06-08,25.408601760864258,0.0
2021-06-09,25.46619415283203,0.0
2021-06-10,25.39900016784668,0.0
2021-06-11,25.763761520385742,0.0
2021-06-14,25.255016326904297,0.0
2021-06-15,24.957447052001953,0.0
2021-06-16,24.890256881713867,0.0
2021-06-17,24.477497100830078,0.0
2021-06-18,24.122333526611328,0.0
2021-06-21,24.698274612426758,0.0
2021-06-22,24.496694564819336,0.0
2021-06-23,24.42950439453125,0.0
2021-06-24,24.544692993164062,0.0
2021-06-25,24.698274612426758,0.0
2021-06-28,24.592687606811523,0.0
2021-06-29,24.535091400146484,0.0
2021-06-30,24.736669540405273,0.0
2021-07-01,25.09183120727539,0.0
2021-07-02,24.717472076416016,0.0
2021-07-06,24.51589584350586,0.0
2021-07-07,24.333515167236328,0.0
2021-07-08,23.80556297302246,0.0
2021-07-09,24.496694564819336,0.0
2021-07-12,24.794261932373047,0.0
2021-07-13,24.218320846557617,0.0
2021-07-14,23.997547149658203,0.0
2021-07-15,23.91115379333496,0.0
2021-07-16,23.248823165893555,0.0
2021-07-19,22.922454833984375,0.0
2021-07-20,23.344812393188477,0.0
2021-07-21,23.62318229675293,0.0
2021-07-22,23.431203842163086,0.0
2021-07-23,23.757568359375,0.0
2021-07-26,23.80556297302246,0.0
2021-07-27,23.728775024414062,0.0
2021-07-28,23.757568359375,0.0
2021-07-29,23.594388961791992,0.0
2021-07-30,23.64238166809082,0.0
2021-08-02,23.74797248840332,0.0
2021-08-03,23.104833602905273,0.0
2021-08-04,23.35441017150879,0.0
2021-08-05,23.853557586669922,0.0
2021-08-06,23.728775024414062,0.0
2021-08-09,23.431203842163086,0.0
2021-08-10,23.30641746520996,0.0
2021-08-11,23.210426330566406,0.0
2021-08-12,23.00884437561035,0.0
2021-08-13,22.576889038085938,0.0
2021-08-16,22.653682708740234,0.0
2021-08-17,22.068143844604492,0.0
2021-08-18,21.29062271118164,0.0
2021-08-19,20.993053436279297,1.0
2021-08-20,21.213829040527344,1.0
2021-08-23,21.482603073120117,1.0
2021-08-24,21.425010681152344,0.0
2021-08-25,21.67458152770996,0.0
2021-08-26,21.463403701782227,0.0
2021-08-27,21.828168869018555,0.0
2021-08-30,21.473007202148438,0.0
2021-08-31,21.568994522094727,0.0
2021-09-01,21.90496253967285,0.0
2021-09-02,21.741775512695312,0.0
2021-09-03,21.655385971069336,0.0
2021-09-07,21.30982208251953,0.0
2021-09-08,21.19463539123535,0.0
2021-09-09,21.16583251953125,0.0
2021-09-10,21.012252807617188,0.0
2021-09-13,21.00265121459961,0.0
2021-09-14,21.22443962097168,0.0
2021-09-15,21.16658592224121,0.0
2021-09-16,21.668025970458984,0.0
2021-09-17,21.552309036254883,0.0
2021-09-20,21.079795837402344,0.0
2021-09-21,21.41730308532715,0.0
2021-09-22,22.294828414916992,0.0
2021-09-23,23.15306282043457,0.0
2021-09-24,23.500213623046875,0.0
2021-09-27,23.326635360717773,0.0
2021-09-28,23.066272735595703,0.0
2021-09-29,22.96019744873047,0.0
2021-09-30,22.690195083618164,0.0
2021-10-01,22.863767623901367,0.0
2021-10-04,22.61304473876953,0.0
2021-10-05,22.931270599365234,0.0
2021-10-06,22.786619186401367,0.0
2021-10-07,23.201274871826172,0.0
2021-10-08,23.220563888549805,0.0
2021-10-11,23.114490509033203,0.0
2021-10-12,23.027700424194336,0.0
2021-10-13,22.844484329223633,0.0
2021-10-14,23.201274871826172,0.0
2021-10-15,23.04698371887207,0.0
2021-10-18,22.70948028564453,0.0
2021-10-19,22.8541259765625,0.0
2021-10-20,22.9505558013916,0.0
2021-10-21,22.969844818115234,0.0
2021-10-22,23.210918426513672,0.0
2021-10-25,23.297706604003906,0.0
2021-10-26,22.99877166748047,0.0
2021-10-27,22.140531539916992,0.0
2021-10-28,22.32375717163086,0.0
2021-10-29,22.082677841186523,0.0
2021-11-01,22.68054962158203,0.0
2021-11-02,22.68054962158203,0.0
2021-11-03,22.506975173950195,0.0
2021-11-04,22.63233184814453,0.0
2021-11-05,23.500213623046875,0.0
2021-11-08,23.19162940979004,0.0
2021-11-09,22.883056640625,0.0
2021-11-10,22.66126251220703,0.0
2021-11-11,22.7576961517334,0.0
2021-11-12,22.96019744873047,0.0
2021-11-15,22.622690200805664,0.0
2021-11-16,22.786619186401367,0.0
2021-11-17,22.56483268737793,0.0
2021-11-18,22.391258239746094,0.0
2021-11-19,21.340158462524414,0.0
2021-11-22,21.639095306396484,0.0
2021-11-23,21.35944175720215,0.0
2021-11-24,21.195514678955078,0.0
2021-11-26,20.684431076049805,0.0
2021-11-29,21.041221618652344,0.0
2021-11-30,20.848365783691406,0.0
2021-12-01,20.337278366088867,0.0
2021-12-02,20.925506591796875,0.0
2021-12-03,20.983367919921875,0.0
2021-12-06,21.108726501464844,0.0
2021-12-07,21.205154418945312,0.0
2021-12-08,21.378732681274414,0.0
2021-12-09,20.993009567260742,0.0
2021-12-10,21.079795837402344,0.0
2021-12-13,20.684431076049805,0.0
2021-12-14,20.260133743286133,0.0
2021-12-15,20.491567611694336,0.0
2021-12-16,20.59764289855957,0.0
2021-12-17,20.520498275756836,0.0
2021-12-20,20.13477325439453,0.0
2021-12-21,20.925506591796875,0.0
2021-12-22,21.01229476928711,0.0
2021-12-23,21.53302001953125,0.0
2021-12-27,21.77410125732422,0.0
2021-12-28,21.851242065429688,0.0
2021-12-29,21.764455795288086,0.0
2021-12-30,21.69695281982422,0.0
2021-12-31,21.513734817504883,0.0
2022-01-03,21.957317352294922,0.0
2022-01-04,21.783742904663086,0.0
2022-01-05,21.050867080688477,0.0
2022-01-06,21.72588348388672,0.0
2022-01-07,21.69695281982422,0.0
2022-01-10,21.43659019470215,0.0
2022-01-11,21.648738861083984,0.0
2022-01-12,21.803028106689453,0.0
2022-01-13,22.140531539916992,0.0
2022-01-14,21.909101486206055,0.0
2022-01-18,21.398019790649414,0.0
2022-01-19,21.243730545043945,0.0
2022-01-20,20.973718643188477,0.0
2022-01-21,20.674787521362305,0.0
2022-01-24,21.214797973632812,0.0
2022-01-25,20.906221389770508,0.0
2022-01-26,20.59764289855957,0.0
2022-01-27,20.327634811401367,0.0
2022-01-28,20.983367919921875,0.0
2022-01-31,21.446231842041016,0.0
2022-02-01,21.46552085876465,0.0
2022-02-02,21.571596145629883,0.0
2022-02-03,21.648738861083984,0.0
2022-02-04,21.69695281982422,0.0
2022-02-07,21.648738861083984,0.0
2022-02-08,22.034465789794922,0.0
2022-02-09,22.622690200805664,0.0
2022-02-10,22.362327575683594,0.0
2022-02-11,21.841602325439453,0.0
2022-02-14,21.484806060791016,0.0
2022-02-15,22.314109802246094,0.0
2022-02-16,22.8348388671875,0.0
2022-02-17,21.947677612304688,0.0
2022-02-18,21.35944175720215,0.0
2022-02-22,21.099079132080078,0.0
2022-02-23,20.607284545898438,0.0
2022-02-24,20.800142288208008,0.0
2022-02-25,21.484806060791016,0.0
2022-02-28,21.52337646484375,0.0
2022-03-01,20.780858993530273,0.0
2022-03-02,21.72588348388672,0.0
2022-03-03,20.993009567260742,0.0
2022-03-04,20.462636947631836,0.0
2022-03-07,19.556190490722656,0.0
2022-03-08,19.60440444946289,0.0
2022-03-09,20.3758487701416,0.0
2022-03-10,20.231203079223633,0.0
2022-03-11,20.211917877197266,0.0
2022-03-14,20.3565673828125,0.0
2022-03-15,20.44376564025879,0.0
2022-03-16,20.95728302001953,0.0
2022-03-17,21.72270965576172,0.0
2022-03-18,21.451417922973633,0.0
2022-03-21,21.315773010253906,0.0
2022-03-22,21.548307418823242,0.0
2022-03-23,21.238262176513672,0.0
2022-03-24,21.848669052124023,0.0
2022-03-25,21.877737045288086,0.0
2022-03-28,21.809911727905273,0.0
2022-03-29,22.245912551879883,0.0
2022-03-30,22.061826705932617,0.0
2022-03-31,21.461105346679688,0.0
2022-04-01,21.24795150756836,0.0
2022-04-04,21.42235565185547,0.0
2022-04-05,21.315773010253906,0.0
2022-04-06,20.99603843688965,0.0
2022-04-07,20.637544631958008,0.0
2022-04-08,20.676298141479492,0.0
2022-04-11,20.44376564025879,0.0
2022-04-12,20.30811882019043,0.0
2022-04-13,20.95728302001953,0.0
2022-04-14,20.51158905029297,0.0
2022-04-18,20.521278381347656,0.0
2022-04-19,21.054168701171875,0.0
2022-04-20,21.189817428588867,0.0
2022-04-21,20.685989379882812,0.0
2022-04-22,20.211231231689453,0.0
2022-04-25,20.230607986450195,0.0
2022-04-26,19.426420211791992,0.0
2022-04-27,19.62989044189453,0.0
2022-04-28,19.784914016723633,0.0
2022-04-29,19.242328643798828,0.0
2022-05-02,19.59113311767578,0.0
2022-05-03,19.581443786621094,0.0
2022-05-04,20.201539993286133,0.0
2022-05-05,19.11637306213379,0.0
2022-05-06,16.57785987854004,0.0
2022-05-09,16.955732345581055,1.0
2022-05-10,17.02355194091797,1.0
2022-05-11,16.3743896484375,1.0
2022-05-12,16.839460372924805,1.0
2022-05-13,17.285152435302734,0.0
2022-05-16,17.08168601989746,0.0
2022-05-17,17.692094802856445,0.0
2022-05-18,16.936349868774414,0.0
2022-05-19,16.955732345581055,0.0
2022-05-20,17.06230926513672,0.0
2022-05-23,16.878215789794922,0.0
2022-05-24,16.035276412963867,0.0
2022-05-25,16.325944900512695,0.0
2022-05-26,16.694128036499023,0.0
2022-05-27,17.13013458251953,0.0
2022-05-31,16.85883903503418,0.0
2022-06-01,16.674747467041016,0.0
2022-06-02,17.159198760986328,0.0
2022-06-03,16.66506004333496,0.0
2022-06-06,16.839460372924805,0.0
2022-06-07,17.02355194091797,0.0
2022-06-08,16.674747467041016,0.0
2022-06-09,16.335634231567383,0.0
2022-06-10,16.05465316772461,0.0
2022-06-13,15.182644844055176,0.0
2022-06-14,15.066375732421875,0.0
2022-06-15,15.056687355041504,0.0
2022-06-16,14.940420150756836,0.0
2022-06-17,15.01793098449707,0.0
2022-06-21,14.7466402053833,0.0
2022-06-22,14.63037395477295,1.0
2022-06-23,14.76601791381836,1.0
2022-06-24,15.289222717285156,0.0
2022-06-27,15.250466346740723,0.0
2022-06-28,15.0082426071167,0.0
2022-06-29,14.843530654907227,0.0
2022-06-30,15.095443725585938,0.0
2022-07-01,15.260157585144043,0.0
2022-07-05,15.143888473510742,0.0
2022-07-06,15.095443725585938,0.0
2022-07-07,15.347357749938965,0.0
2022-07-08,15.260157585144043,0.0
2022-07-11,14.921042442321777,0.0
2022-07-12,15.163265228271484,0.0
2022-07-13,15.0082426071167,0.0
2022-07-14,14.76601791381836,0.0
2022-07-15,15.240778923034668,0.0
2022-07-18,15.221400260925293,0.0
2022-07-19,15.802740097045898,0.0
2022-07-20,16.103099822998047,0.0
2022-07-21,16.30656623840332,0.0
2022-07-22,16.355012893676758,0.0
2022-07-25,16.3743896484375,0.0
2022-07-26,16.18060874938965,0.0
2022-07-27,16.519723892211914,0.0
2022-07-28,16.56817054748535,0.0
2022-07-29,16.606924057006836,0.0
2022-08-01,16.59723472595215,0.0
2022-08-02,16.471277236938477,0.0
2022-08-03,16.965417861938477,0.0
2022-08-04,16.839460372924805,0.0
2022-08-05,16.480968475341797,0.0
2022-08-08,16.82977294921875,0.0
2022-08-09,17.7017822265625,0.0
2022-08-10,17.876184463500977,0.0
2022-08-11,18.08934211730957,0.0
2022-08-12,18.24436378479004,0.0
2022-08-15,17.914939880371094,0.0
2022-08-16,18.011829376220703,0.0
2022-08-17,17.75991439819336,0.0
2022-08-18,17.711469650268555,0.0
2022-08-19,17.343290328979492,0.0
2022-08-22,16.90728759765625,0.0
2022-08-23,16.771638870239258,0.0
2022-08-24,16.936349868774414,0.0
2022-08-25,17.17857551574707,0.0
2022-08-26,16.810392379760742,0.0
2022-08-29,16.752262115478516,0.0
2022-08-30,16.56817054748535,0.0
2022-08-31,16.393768310546875,0.0
2022-09-01,16.393768310546875,0.0
2022-09-02,16.432523727416992,0.0
2022-09-06,15.938386917114258,0.0
2022-09-07,16.296878814697266,0.0
2022-09-08,16.277498245239258,0.0
2022-09-09,16.92666244506836,0.0
2022-09-12,17.06230926513672,0.0
2022-09-13,16.39969253540039,0.0
2022-09-14,16.428926467895508,0.0
2022-09-15,16.701766967773438,0.0
2022-09-16,16.107364654541016,0.0
2022-09-19,16.117107391357422,0.0
2022-09-20,16.039155960083008,0.0
2022-09-21,15.60066032409668,0.0
2022-09-22,15.28884220123291,0.0
2022-09-23,14.9380464553833,0.0
2022-09-26,14.655461311340332,0.0
2022-09-27,14.567761421203613,1.0
2022-09-28,14.986767768859863,1.0
2022-09-29,14.665205001831055,0.0
2022-09-30,14.72367000579834,0.0
2022-10-03,15.230376243591309,0.0
2022-10-04,15.961198806762695,0.0
2022-10-05,15.727334022521973,0.0
2022-10-06,15.473983764648438,0.0
2022-10-07,15.152420043945312,0.0
2022-10-10,15.113445281982422,0.0
2022-10-11,15.064723014831543,0.0
2022-10-12,15.123188018798828,0.0
2022-10-13,15.532449722290039,0.0
2022-10-14,15.201143264770508,0.0
2022-10-17,15.71759033203125,0.0
2022-10-18,15.83452320098877,0.0
2022-10-19,16.165830612182617,0.0
2022-10-20,16.263275146484375,0.0
2022-10-21,16.760234832763672,0.0
2022-10-24,16.48739242553711,0.0
2022-10-25,16.731002807617188,0.0
2022-10-26,16.56534767150879,0.0
2022-10-27,16.311994552612305,0.0
2022-10-28,16.477649688720703,0.0
2022-10-31,16.438671112060547,0.0
2022-11-01,16.55560302734375,0.0
2022-11-02,16.04889488220215,0.0
2022-11-03,16.039155960083008,0.0
2022-11-04,16.25353240966797,0.0
2022-11-07,16.292505264282227,0.0
2022-11-08,16.653045654296875,0.0
2022-11-09,15.746825218200684,0.0
2022-11-10,16.857681274414062,0.0
2022-11-11,17.59824562072754,0.0
2022-11-14,17.715179443359375,0.0
2022-11-15,17.685943603515625,0.0
2022-11-16,17.45208168029785,0.0
2022-11-17,17.481313705444336,0.0
2022-11-18,17.374126434326172,0.0
2022-11-21,17.0330753326416,0.0
2022-11-22,17.374126434326172,0.0
2022-11-23,17.763896942138672,0.0
2022-11-25,17.832109451293945,0.0
2022-11-28,17.72492218017578,0.0
2022-11-29,18.085460662841797,0.0
2022-11-30,18.660375595092773,0.0
2022-12-01,18.670122146606445,0.0
2022-12-02,18.63114356994629,0.0
2022-12-05,18.241371154785156,0.0
2022-12-06,18.007509231567383,0.0
2022-12-07,17.734668731689453,0.0
2022-12-08,17.685943603515625,0.0
2022-12-09,17.588499069213867,0.0
2022-12-12,17.72492218017578,0.0
2022-12-13,18.221885681152344,0.0
2022-12-14,18.202394485473633,0.0
2022-12-15,17.32540512084961,0.0
2022-12-16,17.374126434326172,0.0
2022-12-19,16.98435401916504,0.0
2022-12-20,17.06230926513672,0.0
2022-12-21,17.276681900024414,0.0
2022-12-22,17.354639053344727,0.0
2022-12-23,17.841854095458984,0.0
2022-12-27,17.812620162963867,0.0
2022-12-28,17.491058349609375,0.0
2022-12-29,17.754154205322266,0.0
2022-12-30,17.734668731689453,0.0
2023-01-03,17.832109451293945,0.0
2023-01-04,18.49472427368164,0.0
2023-01-05,18.202394485473633,0.0
2023-01-06,18.514211654663086,0.0
2023-01-09,18.58242416381836,0.0
2023-01-10,18.894241333007812,0.0
2023-01-11,18.816286087036133,0.0
2023-01-12,18.85526466369629,0.0
2023-01-13,18.96245002746582,0.0
2023-01-17,18.77730941772461,0.0
2023-01-18,18.387537002563477,0.0
2023-01-19,18.231626510620117,0.0
2023-01-20,18.76756477355957,0.0
2023-01-23,19.05014991760254,0.0
2023-01-24,19.030662536621094,0.0
2023-01-25,20.112279891967773,0.0
2023-01-26,20.190235137939453,0.0
2023-01-27,19.995351791381836,0.0
2023-01-30,19.654300689697266,0.0
2023-01-31,19.74199867248535,0.0
2023-02-01,20.190235137939453,0.0
2023-02-02,20.921058654785156,0.0
2023-02-03,20.62872886657715,0.0
2023-02-06,20.23895835876465,0.0
2023-02-07,20.375377655029297,0.0
2023-02-08,20.346145629882812,0.0
2023-02-09,20.06355857849121,0.0
2023-02-10,18.182907104492188,0.0
2023-02-13,18.387537002563477,0.0
2023-02-14,18.33881378173828,0.0
2023-02-15,18.650632858276367,0.0
2023-02-16,18.221885681152344,0.0
2023-02-17,18.514211654663086,0.0
2023-02-21,17.79313087463379,0.0
2023-02-22,17.22796058654785,0.0
2023-02-23,17.052562713623047,0.0
2023-02-24,16.994098663330078,0.0
2023-02-27,16.828445434570312,0.0
2023-02-28,16.711511611938477,0.0
2023-03-01,16.48739242553711,0.0
2023-03-02,16.818700790405273,1.0
2023-03-03,16.818700790405273,0.0
2023-03-06,16.59458351135254,0.0
2023-03-07,16.428926467895508,0.0
2023-03-08,16.34122657775879,0.0
2023-03-09,15.87350082397461,0.0
2023-03-10,15.60066032409668,1.0
2023-03-13,15.201143264770508,1.0
2023-03-14,15.60323715209961,1.0
2023-03-15,15.613045692443848,1.0
2023-03-16,15.926875114440918,0.0
2023-03-17,15.60323715209961,0.0
2023-03-20,15.760151863098145,0.0
2023-03-21,15.897454261779785,0.0
2023-03-22,15.5247802734375,0.0
2023-03-23,15.868030548095703,0.0
2023-03-24,15.907259941101074,0.0
2023-03-27,16.172054290771484,0.0
2023-03-28,16.279932022094727,0.0
2023-03-29,16.60357093811035,0.0
2023-03-30,16.642797470092773,0.0
2023-03-31,16.937015533447266,0.0
2023-04-03,17.084123611450195,0.0
2023-04-04,16.98604965209961,0.0
2023-04-05,16.98604965209961,0.0
2023-04-06,16.937015533447266,0.0
2023-04-10,17.06450843811035,0.0
2023-04-11,17.260652542114258,0.0
2023-04-12,16.96643829345703,0.0
2023-04-13,17.28026580810547,0.0
2023-04-14,17.06450843811035,0.0
2023-04-17,16.98604965209961,0.0
2023-04-18,16.937015533447266,0.0
2023-04-19,17.06450843811035,0.0
2023-04-20,16.937015533447266,0.0
2023-04-21,16.946821212768555,0.0
2023-04-24,16.917400360107422,0.0
2023-04-25,16.574146270751953,0.0
2023-04-26,16.32896614074707,0.0
2023-04-27,16.81932830810547,0.0
2023-04-28,17.27046012878418,0.0
2023-05-01,17.03508758544922,0.0
2023-05-02,16.652606964111328,0.0
2023-05-03,16.701642990112305,0.0
2023-05-04,16.39761734008789,0.0
2023-05-05,16.78990936279297,0.0
2023-05-08,16.809520721435547,0.0
2023-05-09,16.60357093811035,0.0
2023-05-10,16.338775634765625,0.0
2023-05-11,16.417232513427734,0.0
2023-05-12,17.809856414794922,0.0
2023-05-15,18.40809440612793,0.0
2023-05-16,18.015804290771484,0.0
2023-05-17,18.35905647277832,0.0
2023-05-18,18.40809440612793,0.0
2023-05-19,18.221755981445312,0.0
2023-05-22,18.17272186279297,0.0
2023-05-23,18.015804290771484,0.0
2023-05-24,17.868698120117188,0.0
2023-05-25,17.878503799438477,0.0
2023-05-26,18.182531356811523,0.0
2023-05-30,18.41790199279785,0.0
2023-05-31,17.95696258544922,0.0
2023-06-01,18.329635620117188,0.0
2023-06-02,18.437515258789062,0.0
2023-06-05,18.27079200744629,0.0
2023-06-06,18.584623336791992,0.0
2023-06-07,19.055368423461914,0.0
2023-06-08,18.829803466796875,0.0
2023-06-09,18.839609146118164,0.0
2023-06-12,18.633657455444336,0.0
2023-06-13,19.03575325012207,0.0
2023-06-14,18.88864517211914,0.0
2023-06-15,19.133825302124023,0.0
2023-06-16,19.192670822143555,0.0
2023-06-20,18.721923828125,0.0
2023-06-21,18.898452758789062,0.0
2023-06-22,18.47674560546875,0.0
2023-06-23,18.398284912109375,0.0
2023-06-26,18.57481575012207,0.0
2023-06-27,18.859224319458008,0.0
2023-06-28,19.153440475463867,0.0
2023-06-29,19.153440475463867,0.0
2023-06-30,19.1240177154541,0.0
2023-07-03,19.173053741455078,0.0
2023-07-05,19.1240177154541,0.0
2023-07-06,19.11421012878418,0.0
2023-07-07,19.329967498779297,0.0
2023-07-10,19.192670822143555,0.0
2023-07-11,19.535919189453125,0.0
2023-07-12,19.771291732788086,0.0
2023-07-13,19.93801498413086,0.0
2023-07-14,19.82032585144043,0.0
2023-07-17,20.006664276123047,0.0
2023-07-18,20.19300079345703,0.0
2023-07-19,19.761484146118164,0.0
2023-07-20,19.496692657470703,0.0
2023-07-21,19.2711238861084,0.0
2023-07-24,18.967103958129883,0.0
2023-07-25,18.918067932128906,0.0
2023-07-26,18.829803466796875,0.0
2023-07-27,18.898452758789062,0.0
2023-07-28,19.006328582763672,0.0
2023-07-31,19.437847137451172,0.0
2023-08-01,19.428041458129883,0.0
2023-08-02,19.280933380126953,0.0
2023-08-03,19.329967498779297,0.0
2023-08-04,19.496692657470703,0.0
2023-08-07,19.82032585144043,0.0
2023-08-08,19.98705291748047,0.0
2023-08-09,19.94782066345215,0.0
2023-08-10,19.918399810791016,0.0
2023-08-11,20.830467224121094,0.0
2023-08-14,21.203144073486328,0.0
2023-08-15,20.5068302154541,0.0
2023-08-16,20.702978134155273,0.0
2023-08-17,20.379337310791016,0.0
2023-08-18,20.359724044799805,0.0
2023-08-21,20.19300079345703,0.0
2023-08-22,20.26165199279785,0.0
2023-08-23,20.46760368347168,0.0
2023-08-24,20.242036819458008,0.0
2023-08-25,20.34010887145996,0.0
2023-08-28,20.48721694946289,0.0
2023-08-29,20.810853958129883,0.0
2023-08-30,20.918731689453125,0.0
2023-08-31,21.075647354125977,0.0
2023-09-01,20.86969757080078,0.0
2023-09-05,20.781431198120117,0.0
2023-09-06,20.80104637145996,0.0
2023-09-07,20.595096588134766,0.0
2023-09-08,20.653940200805664,0.0
2023-09-11,20.63432502746582,0.0
2023-09-12,20.516077041625977,0.0
2023-09-13,19.99381446838379,0.0
2023-09-14,20.210603713989258,0.0
2023-09-15,19.98396110534668,0.0
2023-09-18,19.629215240478516,0.0
2023-09-19,19.65877914428711,0.0
2023-09-20,19.382863998413086,0.0
2023-09-21,19.629215240478516,0.0
2023-09-22,19.392717361450195,0.0
2023-09-25,19.501113891601562,0.0
2023-09-26,19.304031372070312,0.0
2023-09-27,19.363155364990234,0.0
2023-09-28,19.688339233398438,0.0
2023-09-29,19.76717185974121,0.0
2023-10-02,19.708045959472656,0.0
2023-10-03,19.1463680267334,0.0
2023-10-04,19.53067398071289,0.0
2023-10-05,19.412425994873047,0.0
2023-10-06,19.865711212158203,0.0
2023-10-09,19.934688568115234,0.0
2023-10-10,20.338703155517578,0.0
2023-10-11,20.594907760620117,0.0
2023-10-12,20.506221771240234,0.0
2023-10-13,20.604764938354492,0.0
2023-10-16,21.570457458496094,0.0
2023-10-17,21.905492782592773,0.0
2023-10-18,21.570457458496094,0.0
2023-10-19,21.304399490356445,0.0
2023-10-20,20.90038299560547,0.0
2023-10-23,20.791988372802734,0.0
2023-10-24,21.146732330322266,0.0
2023-10-25,20.250017166137695,0.0
2023-10-26,20.20075035095215,0.0
2023-10-27,19.924835205078125,0.0
2023-10-30,20.318998336791992,0.0
2023-10-31,20.378122329711914,0.0
2023-11-01,20.476659774780273,0.0
2023-11-02,20.939800262451172,0.0
2023-11-03,21.609874725341797,0.0
2023-11-06,21.343814849853516,0.0
2023-11-07,21.117172241210938,0.0
2023-11-08,21.09746551513672,0.0
2023-11-09,20.979217529296875,0.0
2023-11-10,20.6146183013916,0.0
2023-11-13,20.151479721069336,0.0
2023-11-14,20.65403175354004,0.0
2023-11-15,20.5752010345459,0.0
2023-11-16,20.762428283691406,0.0
2023-11-17,20.723012924194336,0.0
2023-11-20,20.969362258911133,0.0
2023-11-21,21.13688087463379,0.0
2023-11-22,21.629581451416016,0.0
2023-11-24,21.68870735168457,0.0
2023-11-27,22.063156127929688,0.0
2023-11-28,22.00403594970703,0.0
2023-11-29,22.013891220092773,0.0
2023-11-30,21.71826934814453,0.0
2023-12-01,21.82666015625,0.0
2023-12-04,21.73797607421875,0.0
2023-12-05,21.45220947265625,0.0
2023-12-06,21.4719181060791,0.0
2023-12-07,21.629581451416016,0.0
2023-12-08,21.61972999572754,0.0
2023-12-11,21.747827529907227,0.0
2023-12-12,21.678852081298828,0.0
2023-12-13,22.34892463684082,0.0
2023-12-14,22.959877014160156,0.0
2023-12-15,23.058414459228516,0.0
2023-12-18,23.009143829345703,0.0
2023-12-19,23.393451690673828,0.0
2023-12-20,23.078125,0.0
2023-12-21,23.354036331176758,0.0
2023-12-22,23.45257568359375,0.0
2023-12-26,23.77775764465332,0.0
2023-12-27,24.063526153564453,0.0
2023-12-28,24.270458221435547,0.0
2023-12-29,24.191625595092773,0.0
2024-01-02,24.063526153564453,0.0
2024-01-03,23.945276260375977,0.0
2024-01-04,23.886154174804688,0.0
2024-01-05,24.073379516601562,0.0
2024-01-08,24.28031349182129,0.0
2024-01-09,23.896007537841797,0.0
2024-01-10,23.836885452270508,0.0
2024-01-11,23.866443634033203,0.0
2024-01-12,23.886154174804688,0.0
2024-01-16,23.40330696105957,0.0
2024-01-17,23.13724708557129,0.0
2024-01-18,23.235788345336914,0.0
2024-01-19,23.679222106933594,0.0
2024-01-22,23.896007537841797,0.0
2024-01-23,23.95513153076172,0.0
2024-01-24,24.270458221435547,0.0
2024-01-25,24.339439392089844,0.0
2024-01-26,24.378854751586914,0.0
2024-01-29,24.723745346069336,0.0
2024-01-30,24.437978744506836,0.0
2024-01-31,24.28031349182129,0.0
2024-02-01,24.408416748046875,0.0
2024-02-02,24.339439392089844,0.0
2024-02-05,23.797468185424805,0.0
2024-02-06,24.319730758666992,0.0
2024-02-07,23.91571807861328,0.0
2024-02-08,25.462799072265625,0.0
2024-02-09,25.65987777709961,0.0
2024-02-12,25.68943977355957,0.0
2024-02-13,25.38396644592285,0.0
2024-02-14,25.630313873291016,0.0
2024-02-15,26.113162994384766,0.0
2024-02-16,25.856958389282227,0.0
2024-02-20,25.866811752319336,0.0
2024-02-21,25.699295043945312,0.0
2024-02-22,26.123018264770508,0.0
2024-02-23,26.044185638427734,0.0
2024-02-26,25.97520637512207,0.0
2024-02-27,26.044185638427734,0.0
2024-02-28,25.945642471313477,0.0
2024-02-29,26.48761558532715,0.0
2024-03-01,25.945642471313477,0.0
2024-03-04,25.551483154296875,0.0
2024-03-05,25.492361068725586,0.0
2024-03-06,25.6500244140625,0.0
2024-03-07,25.7584171295166,0.0
2024-03-08,25.95549964904785,0.0
2024-03-11,26.093456268310547,0.0
2024-03-12,26.043996810913086,0.0
2024-03-13,26.06378173828125,0.0
2024-03-14,25.806604385375977,0.0
2024-03-15,25.2329044342041,0.0
2024-03-18,25.173559188842773,0.0
2024-03-19,25.460405349731445,0.0
2024-03-20,25.628559112548828,0.0
2024-03-21,25.9252986907959,0.0
2024-03-22,25.618667602539062,0.0
2024-03-25,25.747257232666016,0.0
2024-03-26,25.786823272705078,0.0
2024-03-27,26.004432678222656,0.0
2024-03-28,25.895627975463867,0.0
2024-04-01,25.529645919799805,0.0
2024-04-02,25.2329044342041,0.0
2024-04-03,25.47029685974121,0.0
2024-04-04,25.27246856689453,0.0
2024-04-05,25.381275177001953,0.0
2024-04-08,25.460405349731445,0.0
2024-04-09,25.2329044342041,0.0
2024-04-10,24.560291290283203,0.0
2024-04-11,24.649314880371094,0.0
2024-04-12,24.09539794921875,0.0
2024-04-15,24.016265869140625,0.0
2024-04-16,23.838220596313477,0.0
2024-04-17,23.887676239013672,1.0
2024-04-18,23.76898193359375,0.0
2024-04-19,23.759090423583984,1.0
2024-04-22,24.164634704589844,1.0
2024-04-23,24.342681884765625,0.0
2024-04-24,24.293224334716797,0.0
2024-04-25,23.947023391723633,0.0
2024-04-26,23.9569149017334,0.0
2024-04-29,23.91735076904297,0.0
2024-04-30,23.541479110717773,0.0
2024-05-01,23.581043243408203,0.0
2024-05-02,23.739307403564453,0.0
2024-05-03,24.204198837280273,0.0
2024-05-06,24.293224334716797,0.0
2024-05-07,24.15474510192871,0.0
2024-05-08,23.877784729003906,0.0
2024-05-09,24.510833740234375,0.0
2024-05-10,24.75811767578125,0.0
2024-05-13,25.183446884155273,0.0
2024-05-14,25.292253494262695,0.0
2024-05-15,25.70768928527832,0.0
2024-05-16,26.01432228088379,0.0
2024-05-17,26.004432678222656,0.0
2024-05-20,26.133020401000977,0.0
2024-05-21,26.004432678222656,0.0
2024-05-22,25.668127059936523,0.0
2024-05-23,25.59888458251953,0.0
2024-05-24,26.449542999267578,0.0
2024-05-28,26.340740203857422,0.0
2024-05-29,26.340740203857422,0.0
2024-05-30,26.627588272094727,0.0
2024-05-31,26.8946590423584,0.0
2024-06-03,26.99357032775879,0.0
2024-06-04,26.934221267700195,0.0
2024-06-05,27.587051391601562,0.0
2024-06-06,27.409006118774414,0.0
2024-06-07,26.8946590423584,0.0
2024-06-10,26.914438247680664,0.0
2024-06-11,27.05291748046875,0.0
2024-06-12,27.250743865966797,0.0
2024-06-13,26.8946590423584,0.0
2024-06-14,26.785850524902344,0.0
2024-06-17,26.568239212036133,0.0
2024-06-18,26.716609954833984,0.0
2024-06-20,26.607805252075195,0.0
2024-06-21,26.558349609375,0.0
2024-06-24,27.211179733276367,0.0
2024-06-25,27.567270278930664,0.0
2024-06-26,27.567270278930664,0.0
2024-06-27,27.38922691345215,0.0
2024-06-28,27.270526885986328,0.0
2024-07-01,26.99357032775879,0.0
2024-07-02,27.32987403869629,0.0
2024-07-03,27.35955047607422,0.0
2024-07-05,27.18150520324707,0.0
2024-07-08,26.954004287719727,0.0
2024-07-09,27.418899536132812,0.0
2024-07-10,27.48813819885254,0.0
2024-07-11,27.53759765625,0.0
2024-07-12,27.43868064880371,0.0
2024-07-15,27.39911651611328,0.0
2024-07-16,28.13107681274414,0.0
2024-07-17,27.68596649169922,0.0
2024-07-18,27.478248596191406,0.0
2024-07-19,27.072702407836914,0.0
2024-07-22,27.428789138793945,0.0
2024-07-23,27.794771194458008,0.0
2024-07-24,27.01335334777832,0.0
2024-07-25,26.855091094970703,0.0
2024-07-26,27.191396713256836,0.0
2024-07-29,27.38922691345215,0.0
2024-07-30,27.122156143188477,0.0
2024-07-31,27.280418395996094,0.0
2024-08-01,26.8748722076416,0.0
2024-08-02,26.01432228088379,0.0
2024-08-05,25.133991241455078,0.0
2024-08-06,25.77692985534668,0.0
2024-08-07,25.75714874267578,0.0
2024-08-08,26.48910903930664,0.0
2024-08-09,27.43868064880371,0.0
2024-08-12,26.815526962280273,0.0
2024-08-13,27.240854263305664,0.0
2024-08-14,27.023242950439453,0.0
2024-08-15,27.280418395996094,0.0
2024-08-16,27.102375030517578,0.0
2024-08-19,27.517810821533203,0.0
2024-08-20,27.09248161315918,0.0
2024-08-21,27.46835708618164,0.0
2024-08-22,27.53759765625,0.0
2024-08-23,27.83433723449707,0.0
2024-08-26,27.715641021728516,0.0
2024-08-27,27.67607307434082,0.0
2024-08-28,27.774988174438477,0.0
2024-08-29,27.547487258911133,0.0
2024-08-30,28.022274017333984,0.0
2024-09-03,26.677045822143555,0.0
2024-09-04,26.845197677612305,0.0
2024-09-05,26.637479782104492,0.0
2024-09-06,26.281391143798828,0.0
2024-09-09,26.311065673828125,0.0
2024-09-10,26.093454360961914,0.0
2024-09-11,25.765798568725586,0.0
2024-09-12,25.775724411010742,0.0
2024-09-13,25.95444679260254,0.0
2024-09-16,25.904802322387695,0.0
2024-09-17,26.15302848815918,0.0
2024-09-18,26.262248992919922,0.0
2024-09-19,26.351608276367188,0.0
2024-09-20,26.15302848815918,0.0
2024-09-23,26.30196189880371,0.0
2024-09-24,26.520401000976562,0.0
2024-09-25,26.06366729736328,0.0
2024-09-26,26.1927433013916,0.0
2024-09-27,26.311893463134766,0.0
2024-09-30,26.440969467163086,0.0
2024-10-01,26.222532272338867,0.0
2024-10-02,26.004093170166016,0.0
2024-10-03,25.83530044555664,0.0
2024-10-04,25.95444679260254,0.0
2024-10-07,25.805511474609375,0.0
2024-10-08,25.7260799407959,0.0
2024-10-09,26.093456268310547,0.0
2024-10-10,25.497713088989258,0.0
2024-10-11,25.745939254760742,0.0
2024-10-14,25.85515785217285,0.0
2024-10-15,26.2821044921875,0.0
2024-10-16,26.182815551757812,0.0
2024-10-17,26.252317428588867,0.0
2024-10-18,26.143098831176758,0.0
2024-10-21,26.143098831176758,0.0
2024-10-22,25.92466163635254,0.0
2024-10-23,25.696290969848633,0.0
2024-10-24,25.765798568725586,0.0
2024-10-25,25.805511474609375,0.0
2024-10-28,26.321823120117188,0.0
2024-10-29,27.13599967956543,0.0
2024-10-30,27.086355209350586,0.0
2024-10-31,27.056568145751953,0.0
2024-11-01,27.12607192993164,0.0
2024-11-04,27.22536277770996,0.0
2024-11-05,27.652311325073242,0.0
2024-11-06,28.7445011138916,0.0
2024-11-07,28.95301055908203,0.0
2024-11-08,29.310457229614258,0.0
2024-11-11,29.022512435913086,0.0
2024-11-12,29.121803283691406,0.0
2024-11-13,28.645212173461914,0.0
2024-11-14,28.903366088867188,0.0
2024-11-15,28.41684341430664,0.0
2024-11-18,28.40691566467285,0.0
2024-11-19,28.595565795898438,0.0
2024-11-20,28.94308090209961,0.0
2024-11-21,29.33031463623047,0.0
2024-11-22,29.280668258666992,0.0
2024-11-25,29.25088119506836,0.0
2024-11-26,29.072158813476562,0.0
2024-11-27,28.84379005432129,0.0
2024-11-29,29.14166259765625,0.0
2024-12-02,29.240951538085938,0.0
2024-12-03,29.648042678833008,0.0
2024-12-04,29.439533233642578,0.0
2024-12-05,29.310457229614258,0.0
2024-12-06,29.14166259765625,0.0
2024-12-09,29.17144775390625,0.0
2024-12-10,28.85371971130371,0.0
2024-12-11,28.863649368286133,0.0
2024-12-12,28.774288177490234,0.0
2024-12-13,28.40691566467285,0.0
2024-12-16,28.446630477905273,0.0
2024-12-17,28.049470901489258,0.0
2024-12-18,27.483516693115234,0.0
2024-12-19,27.414012908935547,0.0
2024-12-20,27.66223907470703,0.0
2024-12-23,27.850889205932617,0.0
2024-12-24,28.049470901489258,0.0
2024-12-26,27.950180053710938,0.0
2024-12-27,27.592737197875977,0.0
2024-12-30,27.284934997558594,0.0
2024-12-31,27.344511032104492,0.0
